signal_id,ehtimollik
SG_000001,0.32744543
SG_000007,0.80519913
SG_000009,0.08915181
SG_000010,0.20396601
SG_000011,0.58040327
SG_000018,0.61389768
SG_000024,0.71921346
SG_000026,0.58256957
SG_000032,0.55507415
SG_000033,0.80586569
SG_000034,0.21696384
SG_000036,0.67272121
SG_000039,0.10731545
SG_000048,0.25695717
SG_000049,0.57223796
SG_000050,0.90334944
SG_000053,0.18596901
SG_000054,0.54724213
SG_000055,0.47092151
SG_000058,0.48991835
SG_000059,0.22712881
SG_000061,0.36693884
SG_000062,0.74220963
SG_000072,0.18830195
SG_000073,0.43809365
SG_000075,0.41676387
SG_000080,0.74854191
SG_000081,0.43159473
SG_000083,0.06298950
SG_000086,0.16830528
SG_000087,0.58606899
SG_000092,0.70738210
SG_000099,0.47075487
SG_000100,0.43942676
SG_000105,0.36243959
SG_000106,0.62972838
SG_000107,0.00283286
SG_000118,0.61823029
SG_000120,0.45125812
SG_000125,0.71838027
SG_000129,0.12647892
SG_000137,0.25162473
SG_000146,0.33861023
SG_000147,0.93701050
SG_000149,0.75920680
SG_000153,0.63406099
SG_000161,0.16880520
SG_000163,0.22562906
SG_000165,0.73254458
SG_000173,0.15964006
SG_000178,0.41126479
SG_000179,0.07132145
SG_000187,0.99966672
SG_000192,0.08331945
SG_000193,0.76987169
SG_000195,0.46292285
SG_000196,0.49591735
SG_000201,0.27245459
SG_000203,0.36410598
SG_000205,0.98400267
SG_000207,0.76437260
SG_000211,0.60523246
SG_000214,0.31578070
SG_000217,0.03966006
SG_000218,0.97117147
SG_000219,0.68721880
SG_000227,0.40276621
SG_000229,0.08348609
SG_000232,0.53641060
SG_000240,0.02982836
SG_000242,0.94001000
SG_000244,0.25662390
SG_000246,0.49375104
SG_000250,0.06748875
SG_000253,0.69105149
SG_000262,0.51441426
SG_000269,0.92467922
SG_000270,0.44359273
SG_000271,0.90618230
SG_000284,0.84802533
SG_000286,0.60223296
SG_000287,0.32594568
SG_000290,0.81419763
SG_000291,0.75604066
SG_000301,0.24912515
SG_000302,0.67038827
SG_000304,0.02699550
SG_000306,0.49258457
SG_000309,0.16380603
SG_000314,0.48541910
SG_000319,0.90568239
SG_000320,0.43626062
SG_000321,0.30711548
SG_000325,0.88668555
SG_000328,0.06248959
SG_000329,0.25445759
SG_000333,0.23796034
SG_000334,0.62039660
SG_000335,0.60323279
SG_000339,0.05349108
SG_000341,0.06565572
SG_000345,0.94250958
SG_000347,0.33227795
SG_000349,0.46625562
SG_000350,0.32294618
SG_000351,0.02466256
SG_000357,0.40393268
SG_000360,0.76820530
SG_000366,0.81603066
SG_000368,0.70854858
SG_000370,0.43842693
SG_000378,0.28161973
SG_000386,0.52741210
SG_000394,0.23496084
SG_000395,0.45992335
SG_000397,0.97150475
SG_000398,0.24579237
SG_000401,0.46592235
SG_000402,0.27595401
SG_000414,0.90551575
SG_000415,0.89785036
SG_000419,0.98366939
SG_000420,0.55240793
SG_000422,0.84902516
SG_000425,0.63689385
SG_000430,0.07898684
SG_000431,0.02349608
SG_000435,0.03199467
SG_000436,0.34244293
SG_000440,0.83302783
SG_000444,0.11181470
SG_000450,0.42926179
SG_000452,0.43559407
SG_000454,0.55490752
SG_000460,0.22479587
SG_000462,0.27495417
SG_000471,0.70338277
SG_000474,0.92134644
SG_000475,0.76203966
SG_000476,0.56690552
SG_000480,0.68021996
SG_000482,0.84019330
SG_000484,0.86035661
SG_000487,0.61106482
SG_000488,0.69488419
SG_000494,0.83686052
SG_000496,0.88585236
SG_000497,0.09731711
SG_000498,0.30894851
SG_000501,0.60306616
SG_000506,0.81169805
SG_000511,0.60806532
SG_000513,0.26528912
SG_000524,0.07748709
SG_000526,0.72037994
SG_000527,0.04315947
SG_000530,0.46075654
SG_000535,0.50508249
SG_000536,0.32694551
SG_000551,0.78836861
SG_000561,0.79586736
SG_000563,0.97983669
SG_000567,0.89701716
SG_000572,0.86718880
SG_000580,0.65505749
SG_000583,0.41376437
SG_000585,0.94434261
SG_000588,0.39443426
SG_000591,0.95967339
SG_000593,0.31044826
SG_000594,0.76620563
SG_000598,0.06215631
SG_000603,0.84769205
SG_000610,0.25079153
SG_000614,0.58323613
SG_000615,0.36577237
SG_000616,0.01316447
SG_000617,0.14880853
SG_000619,0.47008832
SG_000621,0.61173138
SG_000629,0.76253958
SG_000633,0.49708382
SG_000634,0.67655391
SG_000638,0.21963006
SG_000640,0.50341610
SG_000643,0.92617897
SG_000646,0.96300617
SG_000648,0.06348942
SG_000657,0.36210632
SG_000662,0.65805699
SG_000665,0.22246292
SG_000666,0.86268955
SG_000672,0.31828029
SG_000674,0.26545576
SG_000677,0.10764873
SG_000678,0.68088652
SG_000679,0.16480587
SG_000691,0.64572571
SG_000692,0.26295617
SG_000693,0.77803699
SG_000695,0.87918680
SG_000696,0.19030162
SG_000698,0.07682053
SG_000706,0.12431261
SG_000709,0.27445426
SG_000713,0.42359607
SG_000716,0.33744376
SG_000717,0.03932678
SG_000719,0.60423263
SG_000722,0.82536244
SG_000727,0.34110982
SG_000734,0.27395434
SG_000737,0.18863523
SG_000739,0.21329778
SG_000742,0.87285452
SG_000743,0.48858524
SG_000750,0.23396101
SG_000751,0.64022663
SG_000759,0.88635227
SG_000762,0.69555074
SG_000764,0.33827695
SG_000768,0.38360273
SG_000769,0.65972338
SG_000770,0.44459257
SG_000788,0.99400100
SG_000790,0.30244959
SG_000797,0.52657890
SG_000798,0.22912848
SG_000799,0.61956341
SG_000802,0.82302950
SG_000803,0.99116814
SG_000809,0.91418097
SG_000811,0.63906016
SG_000812,0.83152808
SG_000816,0.90518247
SG_000817,0.43342776
SG_000820,0.05432428
SG_000821,0.03549408
SG_000826,0.56523913
SG_000840,0.72021330
SG_000849,0.72471255
SG_000851,0.15864023
SG_000856,0.09715047
SG_000857,0.95200800
SG_000864,0.03632728
SG_000865,0.16230628
SG_000875,0.52157974
SG_000883,0.30811531
SG_000888,0.83119480
SG_000889,0.51724713
SG_000890,0.84785869
SG_000891,0.21896351
SG_000903,0.42026329
SG_000907,0.75570738
SG_000909,0.03149475
SG_000910,0.71538077
SG_000911,0.90934844
SG_000912,0.34294284
SG_000913,0.75954008
SG_000917,0.80019997
SG_000920,0.65589068
SG_000928,0.02716214
SG_000934,0.00933178
SG_000935,0.89768372
SG_000938,0.67872021
SG_000940,0.26812198
SG_000943,0.58890185
SG_000945,0.30544909
SG_000946,0.66238960
SG_000948,0.29145142
SG_000950,0.74320947
SG_000954,0.84852525
SG_000959,0.82552908
SG_000963,0.89885019
SG_000965,0.25329112
SG_000968,0.87718714
SG_000970,0.90034994
SG_000973,0.01883019
SG_000975,0.18546909
SG_000977,0.07632061
SG_000980,0.93017830
SG_000981,0.50608232
SG_000985,0.62022996
SG_000987,0.95434094
SG_000988,0.28995167
SG_000990,0.69638394
SG_000991,0.92901183
SG_001002,0.77620397
SG_001004,0.91034828
SG_001009,0.48258624
SG_001010,0.05832361
SG_001014,0.55957340
SG_001023,0.75337444
SG_001027,0.05132478
SG_001028,0.95384103
SG_001030,0.51358107
SG_001031,0.18796867
SG_001032,0.34794201
SG_001042,0.53924346
SG_001048,0.38776871
SG_001049,0.02549575
SG_001052,0.17213798
SG_001058,0.26362273
SG_001060,0.40426596
SG_001066,0.88151975
SG_001067,0.45659057
SG_001070,0.37860357
SG_001071,0.24129312
SG_001075,0.02449592
SG_001076,0.69605066
SG_001078,0.01433094
SG_001081,0.69505082
SG_001085,0.26278954
SG_001086,0.23229462
SG_001100,0.28578570
SG_001101,0.04682553
SG_001102,0.55890685
SG_001106,0.14064323
SG_001107,0.00366606
SG_001108,0.53541076
SG_001109,0.11731378
SG_001111,0.92167972
SG_001117,0.96433928
SG_001121,0.83952675
SG_001123,0.82819530
SG_001125,0.72871188
SG_001126,0.97450425
SG_001128,0.41859690
SG_001133,0.07448759
SG_001135,0.64205966
SG_001143,0.89985002
SG_001153,0.00249958
SG_001155,0.83469422
SG_001157,0.67355441
SG_001159,0.48908515
SG_001161,0.85752375
SG_001163,0.73204466
SG_001167,0.92067989
SG_001180,0.04732545
SG_001181,0.69521746
SG_001182,0.81886352
SG_001184,0.66105649
SG_001188,0.07815364
SG_001190,0.71771371
SG_001192,0.52924513
SG_001196,0.85419097
SG_001201,0.75204133
SG_001202,0.13614398
SG_001203,0.53224463
SG_001205,0.19363439
SG_001208,0.74520913
SG_001210,0.77437094
SG_001211,0.47658724
SG_001213,0.82752875
SG_001215,0.98050325
SG_001217,0.74187635
SG_001225,0.67322113
SG_001226,0.94950842
SG_001229,0.73387769
SG_001230,0.28661890
SG_001236,0.37110482
SG_001237,0.01949675
SG_001243,0.55590735
SG_001245,0.40843193
SG_001248,0.56240627
SG_001252,0.05232461
SG_001255,0.87985336
SG_001257,0.83369438
SG_001262,0.46192301
SG_001264,0.19680053
SG_001267,0.27412098
SG_001279,0.04215964
SG_001285,0.24212631
SG_001287,0.12331278
SG_001293,0.77387102
SG_001296,0.79553408
SG_001298,0.11598067
SG_001303,0.39843359
SG_001305,0.22962840
SG_001306,0.78236961
SG_001309,0.50974838
SG_001312,0.04782536
SG_001313,0.78186969
SG_001314,0.19413431
SG_001316,0.24695884
SG_001318,0.13947675
SG_001319,0.79136811
SG_001321,0.80703216
SG_001322,0.37693718
SG_001327,0.25912348
SG_001331,0.11998000
SG_001335,0.25745709
SG_001336,0.59856691
SG_001349,0.62089652
SG_001350,0.33661056
SG_001352,0.57690385
SG_001354,0.10148309
SG_001361,0.21679720
SG_001362,0.62239627
SG_001364,0.15880687
SG_001374,0.79453424
SG_001389,0.24495917
SG_001390,0.08465256
SG_001395,0.95867355
SG_001397,0.54807532
SG_001401,0.52207965
SG_001402,0.49608399
SG_001405,0.04982503
SG_001412,0.86402266
SG_001415,0.21546409
SG_001419,0.07582070
SG_001421,0.42892851
SG_001423,0.38560240
SG_001432,0.44125979
SG_001433,0.34044326
SG_001441,0.64155974
SG_001446,0.27628729
SG_001447,0.04749208
SG_001448,0.00516581
SG_001453,0.05049158
SG_001458,0.44475921
SG_001465,0.51774704
SG_001469,0.62422930
SG_001470,0.40526579
SG_001472,0.88835194
SG_001476,0.89435094
SG_001478,0.91251458
SG_001480,0.89318447
SG_001484,0.00966506
SG_001487,0.82736211
SG_001493,0.70988169
SG_001494,0.90201633
SG_001500,0.52257957
SG_001505,0.55624063
SG_001506,0.81219797
SG_001510,0.33294451
SG_001514,0.48875187
SG_001520,0.73887685
SG_001525,0.84119313
SG_001527,0.35510748
SG_001528,0.45309115
SG_001529,0.26262290
SG_001531,0.59623396
SG_001541,0.94667555
SG_001542,0.58373604
SG_001543,0.95584069
SG_001545,0.52641226
SG_001549,0.50174971
SG_001557,0.58956841
SG_001558,0.77103816
SG_001561,0.38510248
SG_001562,0.03032828
SG_001563,0.66455591
SG_001567,0.24679220
SG_001568,0.22629562
SG_001569,0.33727712
SG_001570,0.65455757
SG_001571,0.66188969
SG_001572,0.72354608
SG_001573,0.07915347
SG_001576,0.59756707
SG_001584,0.05449092
SG_001590,0.88901850
SG_001591,0.33311115
SG_001592,0.12847859
SG_001595,0.12947842
SG_001601,0.97250458
SG_001604,0.70238294
SG_001609,0.75304116
SG_001610,0.76237294
SG_001612,0.15564073
SG_001613,0.76303949
SG_001615,0.06315614
SG_001623,0.55824029
SG_001624,0.18013664
SG_001631,0.27645392
SG_001634,0.73837694
SG_001636,0.96817197
SG_001638,0.85285786
SG_001647,0.54690885
SG_001650,0.81686386
SG_001653,0.79603399
SG_001654,0.84435927
SG_001658,0.72754541
SG_001663,0.78636894
SG_001667,0.10281620
SG_001668,0.44309282
SG_001670,0.00199967
SG_001683,0.17780370
SG_001686,0.64789202
SG_001688,0.80619897
SG_001689,0.10448259
SG_001698,0.96867189
SG_001704,0.75904016
SG_001711,0.67572071
SG_001719,0.06115647
SG_001720,0.02416264
SG_001723,0.58456924
SG_001726,0.82069655
SG_001728,0.08231961
SG_001731,0.12131311
SG_001733,0.87068822
SG_001734,0.10398267
SG_001735,0.78720213
SG_001737,0.97050492
SG_001738,0.71421430
SG_001739,0.52774538
SG_001740,0.35560740
SG_001744,0.45675721
SG_001745,0.57057157
SG_001750,0.55140810
SG_001751,0.31928012
SG_001761,0.89668389
SG_001767,0.19846692
SG_001768,0.93751041
SG_001769,0.22996167
SG_001776,0.75970672
SG_001786,0.55857357
SG_001788,0.20896517
SG_001789,0.65639060
SG_001790,0.07998667
SG_001791,0.45792368
SG_001792,0.65305782
SG_001793,0.49575071
SG_001796,0.43292785
SG_001797,0.16713881
SG_001803,0.70921513
SG_001804,0.28211965
SG_001806,0.24395934
SG_001811,0.26445592
SG_001815,0.90534911
SG_001819,0.60456591
SG_001824,0.52757874
SG_001825,0.72821196
SG_001827,0.28028662
SG_001830,0.79870022
SG_001831,0.02266289
SG_001833,0.86385602
SG_001836,0.33061156
SG_001844,0.73804366
SG_001846,0.05615731
SG_001847,0.88368605
SG_001848,0.76553908
SG_001849,0.67072155
SG_001851,0.14797534
SG_001858,0.39243459
SG_001860,0.16513914
SG_001862,0.78853524
SG_001864,0.43109482
SG_001865,0.92084653
SG_001867,0.64355941
SG_001872,0.12731211
SG_001876,0.32611231
SG_001877,0.77920347
SG_001883,0.29961673
SG_001884,0.35527412
SG_001885,0.18963506
SG_001886,0.89918347
SG_001888,0.15030828
SG_001890,0.25545742
SG_001892,0.53257790
SG_001893,0.91501416
SG_001894,0.56123979
SG_001895,0.96600567
SG_001897,0.65789035
SG_001901,0.24979170
SG_001903,0.46425596
SG_001904,0.05165806
SG_001906,0.38343609
SG_001909,0.44809198
SG_001912,0.55207465
SG_001914,0.04665889
SG_001915,0.24229295
SG_001919,0.74120980
SG_001924,0.44642560
SG_001925,0.06998834
SG_001928,0.74370938
SG_001930,0.14497584
SG_001932,0.64889185
SG_001933,0.27662056
SG_001934,0.01816364
SG_001936,0.07115481
SG_001947,0.14930845
SG_001953,0.87935344
SG_001954,0.11931345
SG_001955,0.87952008
SG_001963,0.43692718
SG_001971,0.97167139
SG_001975,0.38543576
SG_001976,0.41343109
SG_001977,0.78886852
SG_001980,0.08148642
SG_001981,0.02799533
SG_001982,0.95684053
SG_001990,0.53441093
SG_001999,0.35544076
SG_002000,0.71304783
SG_002002,0.96683886
SG_002004,0.54357607
SG_002008,0.89968339
SG_002009,0.49858357
SG_002016,0.86468922
SG_002021,0.61456424
SG_002024,0.62856191
SG_002027,0.96117314
SG_002037,0.76853858
SG_002038,0.51674721
SG_002039,0.66905516
SG_002044,0.82219630
SG_002045,0.21179803
SG_002048,0.11381436
SG_002050,0.66655557
SG_002052,0.56790535
SG_002063,0.68621896
SG_002067,0.74704216
SG_002068,0.49908349
SG_002069,0.31244793
SG_002074,0.05682386
SG_002075,0.30728212
SG_002078,0.26595567
SG_002081,0.30228295
SG_002090,0.56840527
SG_002097,0.87335444
SG_002103,0.21579737
SG_002105,0.78070322
SG_002110,0.38876854
SG_002122,0.38960173
SG_002123,0.62656224
SG_002125,0.98650225
SG_002129,0.99466756
SG_002131,0.91784703
SG_002137,0.70221630
SG_002142,0.84285952
SG_002150,0.59990002
SG_002151,0.69838360
SG_002152,0.49675054
SG_002166,0.14614231
SG_002171,0.80219963
SG_002172,0.70538244
SG_002176,0.24362606
SG_002177,0.77220463
SG_002181,0.93467755
SG_002184,0.37160473
SG_002185,0.96367272
SG_002186,0.06782203
SG_002191,0.12014664
SG_002192,0.85769038
SG_002194,0.79020163
SG_002200,0.18230295
SG_002209,0.87735377
SG_002213,0.06665556
SG_002220,0.40709882
SG_002223,0.22979503
SG_002227,0.43926012
SG_002228,0.14847525
SG_002233,0.71904683
SG_002241,0.76503916
SG_002248,0.72571238
SG_002251,0.68138644
SG_002252,0.37410432
SG_002254,0.86818864
SG_002255,0.79336777
SG_002260,0.91018164
SG_002262,0.19446759
SG_002263,0.28328612
SG_002266,0.18946842
SG_002270,0.57607065
SG_002277,0.17797034
SG_002278,0.16197300
SG_002280,0.20929845
SG_002281,0.94467589
SG_002283,0.38393601
SG_002284,0.88002000
SG_002286,0.46375604
SG_002288,0.44859190
SG_002291,0.66055657
SG_002292,0.08298617
SG_002294,0.46525579
SG_002296,0.82852858
SG_002298,0.26995501
SG_002301,0.55157474
SG_002304,0.94484253
SG_002311,0.43742710
SG_002319,0.87552075
SG_002320,0.22679553
SG_002322,0.30194968
SG_002324,0.41826362
SG_002328,0.70388269
SG_002332,0.26345609
SG_002341,0.90101650
SG_002346,0.31211465
SG_002347,0.91001500
SG_002352,0.06648892
SG_002357,0.61189802
SG_002361,0.26095651
SG_002370,0.04499250
SG_002371,0.88618564
SG_002372,0.03499417
SG_002373,0.56640560
SG_002374,0.37360440
SG_002375,0.52857857
SG_002381,0.23612731
SG_002385,0.39493418
SG_002387,0.40176637
SG_002390,0.98316947
SG_002391,0.03316114
SG_002392,0.05015831
SG_002394,0.67738710
SG_002396,0.32644559
SG_002401,0.49741710
SG_002402,0.43092818
SG_002404,0.74837527
SG_002407,0.26712215
SG_002410,0.43276121
SG_002419,0.96033994
SG_002421,0.61589735
SG_002422,0.19813364
SG_002423,0.95534078
SG_002429,0.46492251
SG_002430,0.54407599
SG_002434,0.69071821
SG_002437,0.21913014
SG_002442,0.52357940
SG_002444,0.39010165
SG_002447,0.23596067
SG_002448,0.06432261
SG_002450,0.95717380
SG_002453,0.15414098
SG_002454,0.68521913
SG_002455,0.60139977
SG_002456,0.94734211
SG_002458,0.47125479
SG_002459,0.49458424
SG_002460,0.76920513
SG_002462,0.25845692
SG_002464,0.34277620
SG_002466,0.72087985
SG_002475,0.60723213
SG_002477,0.54824196
SG_002479,0.68455257
SG_002482,0.38760207
SG_002483,0.83102816
SG_002486,0.58023663
SG_002490,0.84652558
SG_002493,0.11264789
SG_002495,0.75187469
SG_002498,0.16913848
SG_002500,0.97017164
SG_002502,0.49491751
SG_002507,0.83269455
SG_002509,0.26395601
SG_002517,0.81019830
SG_002520,0.34977504
SG_002522,0.26745542
SG_002526,0.35177470
SG_002529,0.09631728
SG_002532,0.11531411
SG_002539,0.17030495
SG_002541,0.01349775
SG_002544,0.12247959
SG_002545,0.32444593
SG_002546,0.71238127
SG_002548,0.76037327
SG_002555,0.68355274
SG_002559,0.31178137
SG_002568,0.02016331
SG_002572,0.98333611
SG_002573,0.37293784
SG_002577,0.10264956
SG_002580,0.65105816
SG_002583,0.71104816
SG_002586,0.40826529
SG_002587,0.54890852
SG_002588,0.06332278
SG_002594,0.43009498
SG_002596,0.04232628
SG_002597,0.05215797
SG_002599,0.47425429
SG_002600,0.85852358
SG_002601,0.02949508
SG_002605,0.64472588
SG_002613,0.52141310
SG_002615,0.89051825
SG_002618,0.25212465
SG_002622,0.53991001
SG_002627,0.72071321
SG_002628,0.15330778
SG_002630,0.03016164
SG_002633,0.93217797
SG_002638,0.11798034
SG_002649,0.71054824
SG_002650,0.46308949
SG_002652,0.21279787
SG_002653,0.13064489
SG_002654,0.14314281
SG_002657,0.23979337
SG_002664,0.91051491
SG_002665,0.01266456
SG_002666,0.61656391
SG_002667,0.64005999
SG_002672,0.71988002
SG_002673,0.65039160
SG_002674,0.35310782
SG_002675,0.35844026
SG_002680,0.87035494
SG_002684,0.95150808
SG_002688,0.85885686
SG_002689,0.18696884
SG_002691,0.19346776
SG_002693,0.94100983
SG_002699,0.34744209
SG_002701,0.72554574
SG_002705,0.81769705
SG_002720,0.07882020
SG_002731,0.56623896
SG_002733,0.33027829
SG_002735,0.67288785
SG_002736,0.81869688
SG_002738,0.04099317
SG_002742,0.59406766
SG_002746,0.18196967
SG_002748,0.02632895
SG_002752,0.22862856
SG_002755,0.29495084
SG_002757,0.20746542
SG_002759,0.48191968
SG_002767,0.35960673
SG_002770,0.86535577
SG_002773,0.94984169
SG_002777,0.84419263
SG_002782,0.06398934
SG_002783,0.04965839
SG_002785,0.25179137
SG_002788,0.66838860
SG_002789,0.50324946
SG_002793,0.54507582
SG_002796,0.09215131
SG_002798,0.62956174
SG_002809,0.77720380
SG_002814,0.76970505
SG_002820,0.12914514
SG_002825,0.83002833
SG_002827,0.58440260
SG_002829,0.32394601
SG_002832,0.99333444
SG_002834,0.07165472
SG_002840,0.89518414
SG_002842,0.27778704
SG_002843,0.26178970
SG_002849,0.96733878
SG_002850,0.38576904
SG_002853,0.61523079
SG_002875,0.90351608
SG_002882,0.70871521
SG_002887,0.93901016
SG_002891,0.54907515
SG_002896,0.37727045
SG_002904,0.53807699
SG_002906,0.93884353
SG_002907,0.53757707
SG_002910,0.94150975
SG_002918,0.38976837
SG_002926,0.10748209
SG_002930,0.30444926
SG_002932,0.09398434
SG_002937,0.71971338
SG_002939,0.32727879
SG_002943,0.14214298
SG_002944,0.27162140
SG_002947,0.02899517
SG_002949,0.31961340
SG_002950,0.03716047
SG_002952,0.16980503
SG_002954,0.54657557
SG_002955,0.85369105
SG_002958,0.81586402
SG_002960,0.67705382
SG_002964,0.90318280
SG_002967,0.29895017
SG_002972,0.90484919
SG_002982,0.90751541
SG_002985,0.73637727
SG_002989,0.85619063
SG_002999,0.19080153
SG_003002,0.46258957
SG_003008,0.49058490
SG_003023,0.14647559
SG_003024,0.08048659
SG_003026,0.81319780
SG_003028,0.82669555
SG_003030,0.68121980
SG_003031,0.41993001
SG_003037,0.11514748
SG_003042,0.54857524
SG_003043,0.15047492
SG_003044,0.96167305
SG_003045,0.28095317
SG_003048,0.41259790
SG_003049,0.15314114
SG_003051,0.03699383
SG_003052,0.33327779
SG_003059,0.93134478
SG_003062,0.20846526
SG_003065,0.11081486
SG_003067,0.03182803
SG_003071,0.35110815
SG_003072,0.87885352
SG_003073,0.40926512
SG_003075,0.73621063
SG_003080,0.31644726
SG_003082,0.56923846
SG_003084,0.89485086
SG_003085,0.22662890
SG_003088,0.34577570
SG_003089,0.63622730
SG_003096,0.32311281
SG_003097,0.91268122
SG_003102,0.33427762
SG_003105,0.65989002
SG_003107,0.03766039
SG_003111,0.46958840
SG_003116,0.63606066
SG_003118,0.17630395
SG_003125,0.00166639
SG_003127,0.35860690
SG_003133,0.82486252
SG_003135,0.61889685
SG_003137,0.73754374
SG_003138,0.26962173
SG_003139,0.98100317
SG_003141,0.78470255
SG_003144,0.81486419
SG_003151,0.71271455
SG_003154,0.68038660
SG_003158,0.97267122
SG_003160,0.13464423
SG_003164,0.78003666
SG_003168,0.12397934
SG_003169,0.04149308
SG_003174,0.22296284
SG_003179,0.87268789
SG_003184,0.52891185
SG_003186,0.00866522
SG_003193,0.76670555
SG_003196,0.13147809
SG_003198,0.83552741
SG_003201,0.72604566
SG_003204,0.88435261
SG_003205,0.69271788
SG_003206,0.16097317
SG_003211,0.82586236
SG_003214,0.74737544
SG_003215,0.06282286
SG_003216,0.59290118
SG_003217,0.67055491
SG_003219,0.74787535
SG_003226,0.50241626
SG_003227,0.95750708
SG_003230,0.70404933
SG_003231,0.62556241
SG_003232,0.04899183
SG_003234,0.06365606
SG_003239,0.29461756
SG_003241,0.28895184
SG_003243,0.15130812
SG_003250,0.17647059
SG_003253,0.84369272
SG_003256,0.77187135
SG_003259,0.07965339
SG_003266,0.95467422
SG_003272,0.89535077
SG_003273,0.36293951
SG_003281,0.17597067
SG_003284,0.59023496
SG_003288,0.00299950
SG_003293,0.10931511
SG_003294,0.52974504
SG_003295,0.72687885
SG_003296,0.02849525
SG_003301,0.54557574
SG_003304,0.31944676
SG_003305,0.60389935
SG_003307,0.49408432
SG_003310,0.57173804
SG_003314,0.55707382
SG_003321,0.30278287
SG_003325,0.25645726
SG_003328,0.77603733
SG_003331,0.65405766
SG_003332,0.89901683
SG_003333,0.51541410
SG_003340,0.68388602
SG_003341,0.77837027
SG_003342,0.66038994
SG_003349,0.57790368
SG_003355,0.27428762
SG_003357,0.91934678
SG_003361,0.01849692
SG_003370,0.91551408
SG_003371,0.78736877
SG_003373,0.83419430
SG_003374,0.88751875
SG_003379,0.30744876
SG_003388,0.11031495
SG_003389,0.71388102
SG_003390,0.03432761
SG_003391,0.79920013
SG_003392,0.18813531
SG_003393,0.98083653
SG_003397,0.00849858
SG_003398,0.21596401
SG_003399,0.78803533
SG_003402,0.42759540
SG_003404,0.25362440
SG_003407,0.17013831
SG_003408,0.63639393
SG_003422,0.05149142
SG_003426,0.20496584
SG_003430,0.20363273
SG_003434,0.49975004
SG_003437,0.43259457
SG_003439,0.11914681
SG_003440,0.41776371
SG_003441,0.13097817
SG_003444,0.47225462
SG_003447,0.79370105
SG_003452,0.34160973
SG_003453,0.97767039
SG_003464,0.51624729
SG_003469,0.19396767
SG_003475,0.86852191
SG_003477,0.99416764
SG_003479,0.28811865
SG_003480,0.71671388
SG_003482,0.55324113
SG_003483,0.79220130
SG_003485,0.10798200
SG_003486,0.88418597
SG_003489,0.04115981
SG_003491,0.02382936
SG_003492,0.46042326
SG_003493,0.44009332
SG_003501,0.67205466
SG_003505,0.96750542
SG_003509,0.09781703
SG_003517,0.82652891
SG_003521,0.59873354
SG_003526,0.01999667
SG_003528,0.18080320
SG_003532,0.57657057
SG_003535,0.17763706
SG_003538,0.84669222
SG_003541,0.18163639
SG_003545,0.42776204
SG_003548,0.21613064
SG_003549,0.40859857
SG_003554,0.02216297
SG_003557,0.68821863
SG_003566,0.24595901
SG_003568,0.09615064
SG_003572,0.83436094
SG_003575,0.47508749
SG_003578,0.25112481
SG_003584,0.34527579
SG_003585,0.31878020
SG_003588,0.62622896
SG_003589,0.57723713
SG_003594,0.71571405
SG_003597,0.91218130
SG_003598,0.33927679
SG_003601,0.73437760
SG_003603,0.70788202
SG_003610,0.09448425
SG_003611,0.02616231
SG_003613,0.30144976
SG_003618,0.02316281
SG_003619,0.24829195
SG_003620,0.89551741
SG_003625,0.84819197
SG_003627,0.17113814
SG_003628,0.70971505
SG_003629,0.17730378
SG_003637,0.76353941
SG_003648,0.01383103
SG_003650,0.50374938
SG_003666,0.24045992
SG_003668,0.67922013
SG_003670,0.71438094
SG_003671,0.01733044
SG_003689,0.42992835
SG_003691,0.08681886
SG_003699,0.87652058
SG_003702,0.37877020
SG_003704,0.28478587
SG_003705,0.51791368
SG_003706,0.35427429
SG_003708,0.01133144
SG_003710,0.09481753
SG_003711,0.08981836
SG_003714,0.29245126
SG_003715,0.66222296
SG_003722,0.94500917
SG_003745,0.38176971
SG_003746,0.65922346
SG_003751,0.44825862
SG_003754,0.74020997
SG_003757,0.72854524
SG_003758,0.86102316
SG_003765,0.18513581
SG_003767,0.07182136
SG_003768,0.44559240
SG_003769,0.50524913
SG_003777,0.47242126
SG_003783,0.15630728
SG_003786,0.12181303
SG_003787,0.06098984
SG_003788,0.14697550
SG_003792,0.20179970
SG_003795,0.25245792
SG_003806,0.70454924
SG_003807,0.64755874
SG_003809,0.86635561
SG_003810,0.03949342
SG_003812,0.85052491
SG_003820,0.81786369
SG_003822,0.57390435
SG_003829,0.76937177
SG_003835,0.11248125
SG_003843,0.90184969
SG_003844,0.66572238
SG_003851,0.36627229
SG_003852,0.64339277
SG_003856,0.39693384
SG_003860,0.93851025
SG_003863,0.04765872
SG_003865,0.42242960
SG_003868,0.69055157
SG_003869,0.05882353
SG_003874,0.53374438
SG_003878,0.83519413
SG_003880,0.80669888
SG_003881,0.44159307
SG_003886,0.39476754
SG_003896,0.70721546
SG_003904,0.73487752
SG_003905,0.67238794
SG_003906,0.19963339
SG_003907,0.14764206
SG_003908,0.34827529
SG_003910,0.98166972
SG_003917,0.39726712
SG_003919,0.83286119
SG_003920,0.66405599
SG_003921,0.06482253
SG_003922,0.75270788
SG_003925,0.01066489
SG_003926,0.16697217
SG_003935,0.20729878
SG_003937,0.63039493
SG_003940,0.75654058
SG_003941,0.47808699
SG_003945,0.94400933
SG_003951,0.91318114
SG_003958,0.05949008
SG_003959,0.19746709
SG_003961,0.60006666
SG_003966,0.31594734
SG_003967,0.13131145
SG_003969,0.28545242
SG_003972,0.55174138
SG_003977,0.71638060
SG_003978,0.02149642
SG_003979,0.74404266
SG_003988,0.03599400
SG_003992,0.75170805
SG_003994,0.16463923
SG_003995,0.94600900
SG_004001,0.49808365
SG_004002,0.44692551
SG_004011,0.20163306
SG_004012,0.09948342
SG_004016,0.91668055
SG_004019,0.93951008
SG_004034,0.62456257
SG_004036,0.38893518
SG_004041,0.86218964
SG_004042,0.41009832
SG_004045,0.04449258
SG_004048,0.93934344
SG_004049,0.11548075
SG_004050,0.78970172
SG_004054,0.74687552
SG_004060,0.69138477
SG_004063,0.21479753
SG_004064,0.63989335
SG_004065,0.98233628
SG_004066,0.56507249
SG_004071,0.11881353
SG_004074,0.20646559
SG_004078,0.84602566
SG_004079,0.07032161
SG_004080,0.32061323
SG_004081,0.79836694
SG_004083,0.96633894
SG_004087,0.13214464
SG_004089,0.20446592
SG_004091,0.10498250
SG_004093,0.84719213
SG_004094,0.75820697
SG_004100,0.22012998
SG_004107,0.49925012
SG_004109,0.43426096
SG_004110,0.63939343
SG_004111,0.42876187
SG_004123,0.03582736
SG_004126,0.34494251
SG_004127,0.00266622
SG_004129,0.17197134
SG_004130,0.33161140
SG_004131,0.85402433
SG_004136,0.19013498
SG_004140,0.56340610
SG_004149,0.21763039
SG_004152,0.90601566
SG_004155,0.94534244
SG_004157,0.14464256
SG_004163,0.14730878
SG_004164,0.43409432
SG_004168,0.34627562
SG_004170,0.58923513
SG_004171,0.33094484
SG_004174,0.09298450
SG_004175,0.05482420
SG_004178,0.17347109
SG_004181,0.71854691
SG_004184,0.69771705
SG_004186,0.38826862
SG_004187,0.81069822
SG_004191,0.47442093
SG_004192,0.96983836
SG_004197,0.42726212
SG_004201,0.92217964
SG_004204,0.77953674
SG_004207,0.54257624
SG_004209,0.91534744
SG_004214,0.74004333
SG_004218,0.29828362
SG_004220,0.56040660
SG_004223,0.27195467
SG_004224,0.23929345
SG_004225,0.81253124
SG_004228,0.56990502
SG_004229,0.44259290
SG_004230,0.22596234
SG_004235,0.29995001
SG_004238,0.65422430
SG_004239,0.83702716
SG_004244,0.63556074
SG_004253,0.75120813
SG_004256,0.63656057
SG_004257,0.61039827
SG_004258,0.08698550
SG_004262,0.73337777
SG_004263,0.11398100
SG_004265,0.22646226
SG_004268,0.11781370
SG_004269,0.79686719
SG_004271,0.04049325
SG_004286,0.30611565
SG_004289,0.25479087
SG_004290,0.60923179
SG_004291,0.99566739
SG_004297,0.55924013
SG_004300,0.58706882
SG_004302,0.82352941
SG_004305,0.37393768
SG_004306,0.13764373
SG_004312,0.45959007
SG_004313,0.15397434
SG_004315,0.79203466
SG_004320,0.17930345
SG_004321,0.88218630
SG_004322,0.62222963
SG_004325,0.63106149
SG_004326,0.70021663
SG_004339,0.35894018
SG_004342,0.56740543
SG_004347,0.63372771
SG_004348,0.98066989
SG_004349,0.87085486
SG_004350,0.88518580
SG_004357,0.04199300
SG_004358,0.57857024
SG_004359,0.48325279
SG_004362,0.62072988
SG_004365,0.32127979
SG_004368,0.76403933
SG_004369,0.51141476
SG_004370,0.16863856
SG_004378,0.67588735
SG_004379,0.40343276
SG_004388,0.63472755
SG_004390,0.07215464
SG_004391,0.18396934
SG_004401,0.09565072
SG_004404,0.99016831
SG_004405,0.68371938
SG_004406,0.42976171
SG_004408,0.37743709
SG_004415,0.75987335
SG_004417,0.16547242
SG_004419,0.28345276
SG_004420,0.89368439
SG_004422,0.39776704
SG_004423,0.26645559
SG_004426,0.22196301
SG_004427,0.37043826
SG_004429,0.89685052
SG_004432,0.20963173
SG_004439,0.90634894
SG_004445,0.41309782
SG_004447,0.73187802
SG_004448,0.18280287
SG_004451,0.59706716
SG_004457,0.60339943
SG_004458,0.01633061
SG_004460,0.21446426
SG_004461,0.85702383
SG_004462,0.00399933
SG_004464,0.54574238
SG_004465,0.27128812
SG_004469,0.03399433
SG_004474,0.42042993
SG_004475,0.26845526
SG_004476,0.25562406
SG_004477,0.75154141
SG_004480,0.79053491
SG_004482,0.79820030
SG_004484,0.15347442
SG_004486,0.59223463
SG_004494,0.97650392
SG_004504,0.20513248
SG_004508,0.16747209
SG_004509,0.71204799
SG_004511,0.78770205
SG_004514,0.62939510
SG_004515,0.34260957
SG_004518,0.57240460
SG_004521,0.14114314
SG_004526,0.59590068
SG_004530,0.89568405
SG_004534,0.90468255
SG_004536,0.44792535
SG_004538,0.67155474
SG_004539,0.78620230
SG_004541,0.56273954
SG_004549,0.49241793
SG_004552,0.70954841
SG_004553,0.09515081
SG_004556,0.22762873
SG_004559,0.06965506
SG_004562,0.32327945
SG_004565,0.14030995
SG_004568,0.13714381
SG_004576,0.19113481
SG_004577,0.25929012
SG_004593,0.90434928
SG_004594,0.67505416
SG_004600,0.87485419
SG_004602,0.94800867
SG_004608,0.57423763
SG_004609,0.82469588
SG_004612,0.32244626
SG_004614,0.04882520
SG_004617,0.36993834
SG_004620,0.32144643
SG_004623,0.44875854
SG_004626,0.75354108
SG_004631,0.54374271
SG_004632,0.33411098
SG_004633,0.32977837
SG_004635,0.14447592
SG_004637,0.63889352
SG_004638,0.57290452
SG_004641,0.83569405
SG_004645,0.55874021
SG_004652,0.19230128
SG_004653,0.27895351
SG_004655,0.77470422
SG_004656,0.73137810
SG_004658,0.08431928
SG_004659,0.24429262
SG_004662,0.64805866
SG_004664,0.30678220
SG_004668,0.25145809
SG_004669,0.11364773
SG_004672,0.94550908
SG_004676,0.74770872
SG_004682,0.38160307
SG_004685,0.91084819
SG_004689,0.25995667
SG_004695,0.35577404
SG_004697,0.72304616
SG_004700,0.80269955
SG_004701,0.96967172
SG_004709,0.72387935
SG_004710,0.43359440
SG_004712,0.10231628
SG_004716,0.65239127
SG_004720,0.58873521
SG_004721,0.25312448
SG_004723,0.41559740
SG_004731,0.86518914
SG_004736,0.87218797
SG_004737,0.77703716
SG_004738,0.61223129
SG_004739,0.76720547
SG_004742,0.37143809
SG_004751,0.96250625
SG_004753,0.05199133
SG_004755,0.88735211
SG_004757,0.17530412
SG_004760,0.07498750
SG_004761,0.05749042
SG_004762,0.56573904
SG_004763,0.56307282
SG_004764,0.60939843
SG_004766,0.80819863
SG_004769,0.26078987
SG_004772,0.03299450
SG_004773,0.27078820
SG_004782,0.34144309
SG_004784,0.61356441
SG_004786,0.80869855
SG_004787,0.37460423
SG_004789,0.03349442
SG_004797,0.53424429
SG_004798,0.57623729
SG_004799,0.82402933
SG_004801,0.98200300
SG_004804,0.97317114
SG_004813,0.68905182
SG_004816,0.89085152
SG_004817,0.21929678
SG_004818,0.72254624
SG_004821,0.47858690
SG_004827,0.21246459
SG_004828,0.51841360
SG_004829,0.38443593
SG_004830,0.78670222
SG_004831,0.87118814
SG_004836,0.24929178
SG_004840,0.08365272
SG_004842,0.77337110
SG_004844,0.06815531
SG_004846,0.97000500
SG_004853,0.42626229
SG_004855,0.78753541
SG_004856,0.06415597
SG_004866,0.32261290
SG_004867,0.09331778
SG_004868,0.99533411
SG_004873,0.65005832
SG_004877,0.36477254
SG_004881,0.11814698
SG_004882,0.83986002
SG_004887,0.64122646
SG_004898,0.94167639
SG_004900,0.42642893
SG_004906,0.96933844
SG_004907,0.19796701
SG_004912,0.56023996
SG_004913,0.10648225
SG_004919,0.12364606
SG_004922,0.48891851
SG_004923,0.45942343
SG_004925,0.82702883
SG_004927,0.23712715
SG_004929,0.88801866
SG_004930,0.87402100
SG_004939,0.72171305
SG_004942,0.02082986
SG_004944,0.41159807
SG_004945,0.08481920
SG_004959,0.63456091
SG_004960,0.77320447
SG_004964,0.13997667
SG_004968,0.97883686
SG_004969,0.76587235
SG_004973,0.89801700
SG_004975,0.76220630
SG_004981,0.67672055
SG_004985,0.94384269
SG_004988,0.49641726
SG_004990,0.35610732
SG_004993,0.23646059
SG_004997,0.02166306
SG_005000,0.19896684
SG_005002,0.88351941
SG_005004,0.99200133
SG_005011,0.51274788
SG_005013,0.04699217
SG_005018,0.57332111
SG_005019,0.06598900
SG_005020,0.05082486
SG_005022,0.47958674
SG_005027,0.18646892
SG_005029,0.07065489
SG_005030,0.12231295
SG_005031,0.23212798
SG_005033,0.00716547
SG_005037,0.32711215
SG_005041,0.19646726
SG_005048,0.37627062
SG_005049,0.51508082
SG_005052,0.32411265
SG_005057,0.67022163
SG_005058,0.33911015
SG_005062,0.93167805
SG_005080,0.19663389
SG_005085,0.11198134
SG_005086,0.44759207
SG_005089,0.63722713
SG_005090,0.02366272
SG_005091,0.99316781
SG_005094,0.66322280
SG_005097,0.44775871
SG_005098,0.44209298
SG_005100,0.77687052
SG_005101,0.68655224
SG_005102,0.98666889
SG_005108,0.91568072
SG_005110,0.98250292
SG_005114,0.42159640
SG_005120,0.48591901
SG_005122,0.52341276
SG_005123,0.30994834
SG_005126,0.47725379
SG_005131,0.22346276
SG_005132,0.05799033
SG_005134,0.44509248
SG_005137,0.19246792
SG_005140,0.40693218
SG_005141,0.62889518
SG_005142,0.81103149
SG_005143,0.15847359
SG_005148,0.80853191
SG_005161,0.98883519
SG_005168,0.83786036
SG_005170,0.15764039
SG_005171,0.74304283
SG_005174,0.37660390
SG_005175,0.18746876
SG_005178,0.45359107
SG_005179,0.08648559
SG_005188,0.81236461
SG_005190,0.63306116
SG_005191,0.19196801
SG_005194,0.70488252
SG_005196,0.39026829
SG_005199,0.22129645
SG_005200,0.12464589
SG_005203,0.32011331
SG_005205,0.64772538
SG_005213,0.08731878
SG_005214,0.52107982
SG_005216,0.95250792
SG_005220,0.63339443
SG_005224,0.55007499
SG_005228,0.94184303
SG_005233,0.05499083
SG_005235,0.65855691
SG_005240,0.24729212
SG_005241,0.49325112
SG_005246,0.71621396
SG_005247,0.41943009
SG_005248,0.42009665
SG_005250,0.57190468
SG_005251,0.80536577
SG_005253,0.16180637
SG_005255,0.10998167
SG_005264,0.75237460
SG_005268,0.17230462
SG_005270,0.41459757
SG_005277,0.96783869
SG_005282,0.07732045
SG_005283,0.66972171
SG_005284,0.53407765
SG_005287,0.89385102
SG_005289,0.85335777
SG_005291,0.65722380
SG_005292,0.11431428
SG_005296,0.06198967
SG_005302,0.31344776
SG_005305,0.72921180
SG_005311,0.55757374
SG_005312,0.56757207
SG_005313,0.32344609
SG_005316,0.21513081
SG_005320,0.67772038
SG_005321,0.75754041
SG_005322,0.86018997
SG_005323,0.85135811
SG_005325,0.49158474
SG_005328,0.49075154
SG_005329,0.64839193
SG_005332,0.61689718
SG_005333,0.85569072
SG_005335,0.22496251
SG_005340,0.67122146
SG_005341,0.55407432
SG_005346,0.75404099
SG_005350,0.93601066
SG_005351,0.11864689
SG_005353,0.08598567
SG_005356,0.56423929
SG_005360,0.77003833
SG_005362,0.67838694
SG_005363,0.21063156
SG_005365,0.35060823
SG_005371,0.42409598
SG_005372,0.09498417
SG_005376,0.85669055
SG_005378,0.57007165
SG_005379,0.07482086
SG_005380,0.82769538
SG_005384,0.91134811
SG_005386,0.65155807
SG_005387,0.88651891
SG_005397,0.79403433
SG_005401,0.86435594
SG_005408,0.86452258
SG_005412,0.34344276
SG_005414,0.68288619
SG_005421,0.36843859
SG_005424,0.09348442
SG_005428,0.80103316
SG_005432,0.48491918
SG_005439,0.96183969
SG_005444,0.45225796
SG_005445,0.69021830
SG_005446,0.41226462
SG_005447,0.97367105
SG_005449,0.53124479
SG_005450,0.78586902
SG_005451,0.50224963
SG_005452,0.12264623
SG_005456,0.38026996
SG_005457,0.02882853
SG_005459,0.00033328
SG_005460,0.26912181
SG_005465,0.73937677
SG_005466,0.90501583
SG_005470,0.82519580
SG_005473,0.77653724
SG_005477,0.65572405
SG_005486,0.28628562
SG_005489,0.39076821
SG_005491,0.84485919
SG_005496,0.72271288
SG_005497,0.65822363
SG_005499,0.68938510
SG_005503,0.41876354
SG_005504,0.05932345
SG_005506,0.37427095
SG_005510,0.22312948
SG_005511,0.87968672
SG_005515,0.11948009
SG_005518,0.76737210
SG_005519,0.92951175
SG_005524,0.96283953
SG_005529,0.81703049
SG_005530,0.60056657
SG_005531,0.55190802
SG_005532,0.01449758
SG_005534,0.62572905
SG_005535,0.67722046
SG_005541,0.63806032
SG_005542,0.20879853
SG_005550,0.10298284
SG_005555,0.42426262
SG_005557,0.09198467
SG_005565,0.59823363
SG_005569,0.36960507
SG_005572,0.18296951
SG_005575,0.43309448
SG_005579,0.85119147
SG_005580,0.60873188
SG_005583,0.27828695
SG_005591,0.95900683
SG_005592,0.19980003
SG_005593,0.22446259
SG_005594,0.47342110
SG_005599,0.58356941
SG_005603,0.77137144
SG_005606,0.35677387
SG_005611,0.27562073
SG_005615,0.89851691
SG_005622,0.54674221
SG_005625,0.63539410
SG_005630,0.84052658
SG_005634,0.55024163
SG_005635,0.79286786
SG_005636,0.91451425
SG_005638,0.71038160
SG_005640,0.18263623
SG_005643,0.40559907
SG_005644,0.37310448
SG_005645,0.84452591
SG_005650,0.51308115
SG_005654,0.99666722
SG_005655,0.01616397
SG_005656,0.57873688
SG_005661,0.99233461
SG_005664,0.17913681
SG_005666,0.91751375
SG_005671,0.27878687
SG_005681,0.33511081
SG_005683,0.74887519
SG_005687,0.29428429
SG_005688,0.29845026
SG_005691,0.49625062
SG_005692,0.92884519
SG_005693,0.49358440
SG_005694,0.73537744
SG_005696,0.47158807
SG_005703,0.56090652
SG_005704,0.27578737
SG_005706,0.98700217
SG_005707,0.80169972
SG_005713,0.15797367
SG_005715,0.31328112
SG_005719,0.27262123
SG_005722,0.02732878
SG_005724,0.54157640
SG_005725,0.38043659
SG_005726,0.13881020
SG_005730,0.89268455
SG_005735,0.43642726
SG_005736,0.89101816
SG_005740,0.34510915
SG_005748,0.74804199
SG_005750,0.32511248
SG_005753,0.95984003
SG_005758,0.44609232
SG_005759,0.13597734
SG_005764,0.06682220
SG_005765,0.03816031
SG_005772,0.53957674
SG_005773,0.21729712
SG_005776,0.56007332
SG_005778,0.71471421
SG_005784,0.12547909
SG_005786,0.23896017
SG_005789,0.71871355
SG_005794,0.45392435
SG_005796,0.27612065
SG_005801,0.63589402
SG_005807,0.31111481
SG_005809,0.31561406
SG_005811,0.50158307
SG_005813,0.28728545
SG_005814,0.85152475
SG_005817,0.34660890
SG_005818,0.52407932
SG_005820,0.36927179
SG_005821,0.30661556
SG_005824,0.45892351
SG_005825,0.82569572
SG_005827,0.24145976
SG_005828,0.56657224
SG_005830,0.59606732
SG_005838,0.81553074
SG_005840,0.87152141
SG_005842,0.43542743
SG_005846,0.23296117
SG_005847,0.03249458
SG_005848,0.68688552
SG_005857,0.89035161
SG_005861,0.08565239
SG_005862,0.62539577
SG_005871,0.32894518
SG_005872,0.90018330
SG_005873,0.15530745
SG_005874,0.33627729
SG_005875,0.55074154
SG_005877,0.17697050
SG_005880,0.24879187
SG_005884,0.31628062
SG_005892,0.94017664
SG_005894,0.31711381
SG_005898,0.76070655
SG_005899,0.31378104
SG_005905,0.74104316
SG_005909,0.15097484
SG_005910,0.92151308
SG_005920,0.37560407
SG_005921,0.35027495
SG_005922,0.42709548
SG_005925,0.46108982
SG_005928,0.48308615
SG_005932,0.02066322
SG_005934,0.71121480
SG_005935,0.15297450
SG_005937,0.66688885
SG_005939,0.23512748
SG_005943,0.38126979
SG_005951,0.05699050
SG_005955,0.86052325
SG_005959,0.82386269
SG_005966,0.51641393
SG_005967,0.98616897
SG_005969,0.96217297
SG_005976,0.97733711
SG_005977,0.66538910
SG_005979,0.61406432
SG_005980,0.35727379
SG_005985,0.83236127
SG_005986,0.72971171
SG_005991,0.94784203
SG_005999,0.05582403
SG_006000,0.57373771
SG_006004,0.92267955
SG_006009,0.79936677
SG_006012,0.45275787
SG_006013,0.40109982
SG_006022,0.54274288
SG_006023,0.82269622
SG_006026,0.22162973
SG_006028,0.66372271
SG_006029,0.52474588
SG_006033,0.31911348
SG_006035,0.14630895
SG_006036,0.45209132
SG_006038,0.55557407
SG_006039,0.96950508
SG_006041,0.26212298
SG_006047,0.64189302
SG_006049,0.15447425
SG_006050,0.84519247
SG_006054,0.02099650
SG_006063,0.44392601
SG_006067,0.86135644
SG_006069,0.97067155
SG_006073,0.30694884
SG_006074,0.21396434
SG_006075,0.07098817
SG_006076,0.31161473
SG_006077,0.78920180
SG_006079,0.45609065
SG_006081,0.03999333
SG_006086,0.43576071
SG_006092,0.57332111
SG_006095,0.61089818
SG_006097,0.94750875
SG_006099,0.86868855
SG_006101,0.25729045
SG_006112,0.92284619
SG_006122,0.69755041
SG_006127,0.72137977
SG_006131,0.14564239
SG_006133,0.34994168
SG_006136,0.60373271
SG_006137,0.86685552
SG_006140,0.80986502
SG_006143,0.24629228
SG_006148,0.20813198
SG_006150,0.92634561
SG_006151,0.67455424
SG_006154,0.08198634
SG_006161,0.12531245
SG_006163,0.69705049
SG_006169,0.56557240
SG_006170,0.19046826
SG_006179,0.60173304
SG_006181,0.30461590
SG_006184,0.05265789
SG_006187,0.16563906
SG_006189,0.51658057
SG_006197,0.03832695
SG_006202,0.19946676
SG_006206,0.27478754
SG_006212,0.85069155
SG_006213,0.97283786
SG_006218,0.18446926
SG_006222,0.53324446
SG_006224,0.40026662
SG_006225,0.99133478
SG_006226,0.60189968
SG_006229,0.58473588
SG_006237,0.86985502
SG_006238,0.31394768
SG_006240,0.00799867
SG_006241,0.11481420
SG_006242,0.72121313
SG_006244,0.91201466
SG_006245,0.07548742
SG_006247,0.48125312
SG_006250,0.09898350
SG_006251,0.45925679
SG_006252,0.49658390
SG_006254,0.92917847
SG_006256,0.82719547
SG_006260,0.28828529
SG_006262,0.49475087
SG_006263,0.46908849
SG_006264,0.00916514
SG_006266,0.80069988
SG_006269,0.82869522
SG_006275,0.99800033
SG_006277,0.20463256
SG_006283,0.13181136
SG_006284,0.22829528
SG_006287,0.45559073
SG_006288,0.29295117
SG_006300,0.21663056
SG_006301,0.29678387
SG_006304,0.64405932
SG_006306,0.63922680
SG_006313,0.27928679
SG_006315,0.48441926
SG_006317,0.32761206
SG_006320,0.23779370
SG_006322,0.88785202
SG_006326,0.03649392
SG_006328,0.86585569
SG_006331,0.08015331
SG_006337,0.65222463
SG_006340,0.65022496
SG_006345,0.85785702
SG_006348,0.04649225
SG_006349,0.14514248
SG_006356,0.59773371
SG_006357,0.13781036
SG_006358,0.37193801
SG_006360,0.84952508
SG_006371,0.30778204
SG_006373,0.52724546
SG_006380,0.82886186
SG_006382,0.29095151
SG_006388,0.01749708
SG_006393,0.60106649
SG_006394,0.10031661
SG_006396,0.05815697
SG_006398,0.54540910
SG_006400,0.81936344
SG_006403,0.22229628
SG_006404,0.12314614
SG_006411,0.28228629
SG_006417,0.66022330
SG_006418,0.69855024
SG_006420,0.76153974
SG_006421,0.06032328
SG_006423,0.74204299
SG_006424,0.38010332
SG_006429,0.75787369
SG_006435,0.17280453
SG_006438,0.56207299
SG_006439,0.90118314
SG_006441,0.33811031
SG_006445,0.39526746
SG_006446,0.48208632
SG_006448,0.35377437
SG_006451,0.12164639
SG_006452,0.54074321
SG_006455,0.36727212
SG_006463,0.95117480
SG_006467,0.49191801
SG_006469,0.35344109
SG_006470,0.55307449
SG_006477,0.72537910
SG_006480,0.79186802
SG_006486,0.51208132
SG_006487,0.21379770
SG_006488,0.77903683
SG_006490,0.73771038
SG_006491,0.93317780
SG_006493,0.69788369
SG_006494,0.43459423
SG_006496,0.16280620
SG_006497,0.56957174
SG_006498,0.92684553
SG_006500,0.53941010
SG_006502,0.56473921
SG_006503,0.45092485
SG_006505,0.94850858
SG_006506,0.35194134
SG_006507,0.59656724
SG_006512,0.17713714
SG_006516,0.44059323
SG_006520,0.24662556
SG_006522,0.46058990
SG_006528,0.92517914
SG_006534,0.46508915
SG_006535,0.70654891
SG_006536,0.42092985
SG_006537,0.53791035
SG_006539,0.75720713
SG_006541,0.37760373
SG_006543,0.74054324
SG_006545,0.64272621
SG_006548,0.37710382
SG_006550,0.10014998
SG_006551,0.03449425
SG_006557,0.67638727
SG_006560,0.08415264
SG_006564,0.90868189
SG_006566,0.77453758
SG_006567,0.99266789
SG_006577,0.48358607
SG_006579,0.12614564
SG_006581,0.08131978
SG_006588,0.40193301
SG_006592,0.67372105
SG_006597,0.00116647
SG_006601,0.49025162
SG_006607,0.01799700
SG_006608,0.24179303
SG_006610,0.03049492
SG_006615,0.88818530
SG_006616,0.42659557
SG_006620,0.37543743
SG_006622,0.51108149
SG_006623,0.75670722
SG_006624,0.25195801
SG_006626,0.84219297
SG_006627,0.97133811
SG_006633,0.31678054
SG_006637,0.51558074
SG_006638,0.99933344
SG_006639,0.69905016
SG_006644,0.35660723
SG_006645,0.83802700
SG_006651,0.75387435
SG_006659,0.34444259
SG_006664,0.21413098
SG_006668,0.18896851
SG_006673,0.20763206
SG_006687,0.33994334
SG_006688,0.49141810
SG_006690,0.55840693
SG_006693,0.80919847
SG_006698,0.18413598
SG_006700,0.52024663
SG_006706,0.15647392
SG_006710,0.04915847
SG_006713,0.61423096
SG_006716,0.65355774
SG_006728,0.33794368
SG_006734,0.97800367
SG_006736,0.94767539
SG_006744,0.49841693
SG_006745,0.39593401
SG_006749,0.11314781
SG_006758,0.29945009
SG_006760,0.43392768
SG_006765,0.87752041
SG_006766,0.80736544
SG_006769,0.57490418
SG_006778,0.27728712
SG_006780,0.31294784
SG_006781,0.15264123
SG_006786,0.74137644
SG_006789,0.49208465
SG_006792,0.54207632
SG_006793,0.00683219
SG_006800,0.74487585
SG_006802,0.52807865
SG_006808,0.40909848
SG_006820,0.30828195
SG_006833,0.22029662
SG_006835,0.24895851
SG_006837,0.21746376
SG_006841,0.68338610
SG_006847,0.29795034
SG_006848,0.10781536
SG_006851,0.23412765
SG_006852,0.51458090
SG_006860,0.27312115
SG_006861,0.57940343
SG_006863,0.12114648
SG_006866,0.50391601
SG_006868,0.35294118
SG_006874,0.43676054
SG_006877,0.38526912
SG_006879,0.07848692
SG_006880,0.16647225
SG_006881,0.68488585
SG_006889,0.09365106
SG_006890,0.85452425
SG_006897,0.98816864
SG_006901,0.53907682
SG_006908,0.30978170
SG_006910,0.70938177
SG_006914,0.90768205
SG_006918,0.71938010
SG_006924,0.23529412
SG_006925,0.92001333
SG_006927,0.46408932
SG_006929,0.31761373
SG_006937,0.91951341
SG_006938,0.18130312
SG_006940,0.46575571
SG_006942,0.01483086
SG_006945,0.05032495
SG_006949,0.71138144
SG_006950,0.74870855
SG_006951,0.58173638
SG_006953,0.14197634
SG_006954,0.79036827
SG_006956,0.92767872
SG_006957,0.92967839
SG_006962,0.35094151
SG_006963,0.03382770
SG_006964,0.16530578
SG_006966,0.05549075
SG_006970,0.55040827
SG_006971,0.75320780
SG_006972,0.38310282
SG_006974,0.89635061
SG_006977,0.53391101
SG_006978,0.13547742
SG_006981,0.62322946
SG_006982,0.97350442
SG_006983,0.05532411
SG_006984,0.11464756
SG_006987,0.75070822
SG_006994,0.34544243
SG_006997,0.02482920
SG_007002,0.62722880
SG_007005,0.71321446
SG_007009,0.30061656
SG_007011,0.40809865
SG_007017,0.01916347
SG_007018,0.00216631
SG_007019,0.38860190
SG_007029,0.66638894
SG_007030,0.37810365
SG_007033,0.61056491
SG_007040,0.57307115
SG_007047,0.85269122
SG_007054,0.04265956
SG_007055,0.96400600
SG_007056,0.85502416
SG_007061,0.42609565
SG_007062,0.11581403
SG_007067,0.44675887
SG_007068,0.25262456
SG_007069,0.72221296
SG_007073,0.19613398
SG_007075,0.74954174
SG_007076,0.32877854
SG_007078,0.90401600
SG_007080,0.48175304
SG_007091,0.39743376
SG_007095,0.38643559
SG_007100,0.21229795
SG_007104,0.64289285
SG_007112,0.50724879
SG_007114,0.91918014
SG_007127,0.12697884
SG_007130,0.15680720
SG_007133,0.63239460
SG_007136,0.25829028
SG_007138,0.91684719
SG_007139,0.44725879
SG_007143,0.54190968
SG_007146,0.52557907
SG_007150,0.28611898
SG_007155,0.40243293
SG_007157,0.77420430
SG_007160,0.70571571
SG_007162,0.41243126
SG_007163,0.78386936
SG_007166,0.86185636
SG_007168,0.25295784
SG_007170,0.27762040
SG_007179,0.41443093
SG_007181,0.09815031
SG_007183,0.27228795
SG_007186,0.12414598
SG_007202,0.18880187
SG_007203,0.62189635
SG_007204,0.04582570
SG_007205,0.77487085
SG_007210,0.84869188
SG_007212,0.67472088
SG_007215,0.07048825
SG_007218,0.51858024
SG_007226,0.07332111
SG_007229,0.58840193
SG_007231,0.77820363
SG_007234,0.49691718
SG_007237,0.96150642
SG_007239,0.09265122
SG_007240,0.73687719
SG_007249,0.86352275
SG_007252,0.03466089
SG_007255,0.28061990
SG_007256,0.62206299
SG_007257,0.79120147
SG_007263,0.78553574
SG_007264,0.34644226
SG_007265,0.51574738
SG_007268,0.33361106
SG_007271,0.75004166
SG_007275,0.61473088
SG_007280,0.58156974
SG_007281,0.77870355
SG_007282,0.42842860
SG_007283,0.16130645
SG_007287,0.58323613
SG_007288,0.85585736
SG_007301,0.90801533
SG_007307,0.36760540
SG_007310,0.23829362
SG_007312,0.89951675
SG_007314,0.98966839
SG_007319,0.35694051
SG_007326,0.01683053
SG_007331,0.67688719
SG_007333,0.86652225
SG_007334,0.72287952
SG_007338,0.40326612
SG_007340,0.99700050
SG_007345,0.01199800
SG_007349,0.44342610
SG_007356,0.26195634
SG_007358,0.02282953
SG_007368,0.16313948
SG_007370,0.51374771
SG_007371,0.49091818
SG_007372,0.38143643
SG_007375,0.17663723
SG_007378,0.50091651
SG_007379,0.10814864
SG_007380,0.80286619
SG_007383,0.10898184
SG_007384,0.99283453
SG_007389,0.25062490
SG_007390,0.10831528
SG_007401,0.87302116
SG_007403,0.45759040
SG_007406,0.22896184
SG_007409,0.92367939
SG_007410,0.98133644
SG_007413,0.68305282
SG_007416,0.52007999
SG_007419,0.87202133
SG_007420,0.77303783
SG_007423,0.53524413
SG_007424,0.91701383
SG_007428,0.80686552
SG_007433,0.48558574
SG_007434,0.05399100
SG_007437,0.78303616
SG_007441,0.79703383
SG_007443,0.58740210
SG_007450,0.01283119
SG_007452,0.99883353
SG_007455,0.79470088
SG_007462,0.76770538
SG_007464,0.92784536
SG_007466,0.53024496
SG_007469,0.20913181
SG_007470,0.99600067
SG_007472,0.34594234
SG_007476,0.64705882
SG_007486,0.84702550
SG_007489,0.62989502
SG_007490,0.05965672
SG_007495,0.88851858
SG_007499,0.72404599
SG_007506,0.05849025
SG_007508,0.16613898
SG_007509,0.14680887
SG_007517,0.68238627
SG_007518,0.97033828
SG_007522,0.86285619
SG_007524,0.56723879
SG_007527,0.07432095
SG_007535,0.22746209
SG_007540,0.75937344
SG_007546,0.16580570
SG_007552,0.31261456
SG_007553,0.76520580
SG_007557,0.55457424
SG_007558,0.79970005
SG_007560,0.82602900
SG_007568,0.00883186
SG_007571,0.83219463
SG_007573,0.40609898
SG_007577,0.03916014
SG_007578,0.42859523
SG_007579,0.00049992
SG_007582,0.88485252
SG_007586,0.01299783
SG_007587,0.71338110
SG_007589,0.57123813
SG_007591,0.17313781
SG_007595,0.40493251
SG_007597,0.53657724
SG_007599,0.40759873
SG_007602,0.57573738
SG_007605,0.07932011
SG_007609,0.23079487
SG_007614,0.90168305
SG_007620,0.25979003
SG_007628,0.93067822
SG_007630,0.47758707
SG_007646,0.66205632
SG_007648,0.31744709
SG_007654,0.28011998
SG_007655,0.85435761
SG_007656,0.99350108
SG_007657,0.77937010
SG_007658,0.61923013
SG_007659,0.77037160
SG_007660,0.41693051
SG_007663,0.15747375
SG_007665,0.96533911
SG_007667,0.58106982
SG_007670,0.35394101
SG_007678,0.46925512
SG_007679,0.95800700
SG_007681,0.21829695
SG_007685,0.34760873
SG_007686,0.77553741
SG_007687,0.31661390
SG_007688,0.10164973
SG_007691,0.22062990
SG_007696,0.28778537
SG_007698,0.28595234
SG_007700,0.77120480
SG_007703,0.11631395
SG_007704,0.26678887
SG_007706,0.87852025
SG_007711,0.37910348
SG_007712,0.64722546
SG_007714,0.25129145
SG_007717,0.31494751
SG_007719,0.47208799
SG_007720,0.37893684
SG_007721,0.35327445
SG_007728,0.67555407
SG_007737,0.92484586
SG_007741,0.39110148
SG_007742,0.17163806
SG_007744,0.50658224
SG_007746,0.88035327
SG_007748,0.29011831
SG_007750,0.03066156
SG_007751,0.08031995
SG_007752,0.01716381
SG_007758,0.95234128
SG_007760,0.13197800
SG_007762,0.68438594
SG_007770,0.26045659
SG_007772,0.44975837
SG_007776,0.09981670
SG_007780,0.74654224
SG_007781,0.22429595
SG_007782,0.70088319
SG_007787,0.69538410
SG_007800,0.78436927
SG_007801,0.83336111
SG_007804,0.06082320
SG_007805,0.92701216
SG_007807,0.61806366
SG_007808,0.96383936
SG_007813,0.55740710
SG_007815,0.48691885
SG_007817,0.53724379
SG_007818,0.81269788
SG_007820,0.58323613
SG_007822,0.28295284
SG_007823,0.28711881
SG_007824,0.20379937
SG_007834,0.41143143
SG_007836,0.34427595
SG_007839,0.69321780
SG_007842,0.00949842
SG_007844,0.26428929
SG_007846,0.29511748
SG_007849,0.12781203
SG_007858,0.70688219
SG_007864,0.85985669
SG_007866,0.44492585
SG_007875,0.62739543
SG_007876,0.52541243
SG_007880,0.43726046
SG_007884,0.85819030
SG_007889,0.79953341
SG_007892,0.26128979
SG_007897,0.46342276
SG_007898,0.41576404
SG_007899,0.14580903
SG_007901,0.82619563
SG_007908,0.88951841
SG_007910,0.27528745
SG_007922,0.58656891
SG_007923,0.22779537
SG_007926,0.97933678
SG_007931,0.70121646
SG_007933,0.75054158
SG_007939,0.81053158
SG_007940,0.37260457
SG_007946,0.32377937
SG_007947,0.55690718
SG_007948,0.39876687
SG_007954,0.11448092
SG_007957,0.20613231
SG_007960,0.96417264
SG_007964,0.30311615
SG_007965,0.30844859
SG_007980,0.85519080
SG_007985,0.58273621
SG_007992,0.15230795
SG_007996,0.63822696
SG_007998,0.23679387
SG_007999,0.45525746
SG_008014,0.16013998
SG_008015,0.31011498
SG_008020,0.31994668
SG_008026,0.36593901
SG_008033,0.22546242
SG_008043,0.34060990
SG_008050,0.39510082
SG_008055,0.62689552
SG_008056,0.81469755
SG_008058,0.55290785
SG_008067,0.31061490
SG_008074,0.70904849
SG_008076,0.67955341
SG_008081,0.75487419
SG_008091,0.04532578
SG_008099,0.42509582
SG_008100,0.44275954
SG_008101,0.13331111
SG_008104,0.95600733
SG_008115,0.66088985
SG_008117,0.12981170
SG_008118,0.41026496
SG_008127,0.32677887
SG_008131,0.50458257
SG_008133,0.78320280
SG_008137,0.68271955
SG_008140,0.69688385
SG_008141,0.73287785
SG_008145,0.42909515
SG_008152,0.27278787
SG_008156,0.91884686
SG_008160,0.46708882
SG_008164,0.82436261
SG_008167,0.57807032
SG_008175,0.29028495
SG_008176,0.60739877
SG_008183,0.78370272
SG_008188,0.55674054
SG_008191,0.14964173
SG_008192,0.54057657
SG_008193,0.11231461
SG_008195,0.87168805
SG_008202,0.86935511
SG_008213,0.63006166
SG_008217,0.93917680
SG_008224,0.46008999
SG_008228,0.45692385
SG_008229,0.34010998
SG_008237,0.16047325
SG_008242,0.02116314
SG_008246,0.51908015
SG_008248,0.10914848
SG_008249,0.64439260
SG_008253,0.41076487
SG_008257,0.57357107
SG_008261,0.78353608
SG_008264,0.54640893
SG_008265,0.51941343
SG_008281,0.51958007
SG_008283,0.32027995
SG_008287,0.10881520
SG_008291,0.96833861
SG_008293,0.82369605
SG_008294,0.30594901
SG_008296,0.24812531
SG_008298,0.53341110
SG_008309,0.81086486
SG_008310,0.49991668
SG_008312,0.42959507
SG_008316,0.69421763
SG_008317,0.02566239
SG_008318,0.15214131
SG_008327,0.37093818
SG_008330,0.79620063
SG_008333,0.02432928
SG_008336,0.46858857
SG_008345,0.31228129
SG_008347,0.16113981
SG_008355,0.80319947
SG_008358,0.68788535
SG_008359,0.97717047
SG_008360,0.46125646
SG_008361,0.13964339
SG_008362,0.84169305
SG_008365,0.20796534
SG_008366,0.81653058
SG_008375,0.30394934
SG_008376,0.48141976
SG_008382,0.03416097
SG_008383,0.47142143
SG_008388,0.74937510
SG_008389,0.75520747
SG_008392,0.55424096
SG_008396,0.27678720
SG_008402,0.41393101
SG_008410,0.05632395
SG_008413,0.88918514
SG_008417,0.76053991
SG_008420,0.94067655
SG_008422,0.69655057
SG_008435,0.75554074
SG_008440,0.16447259
SG_008441,0.82319613
SG_008442,0.33444426
SG_008443,0.12297950
SG_008444,0.70354941
SG_008449,0.61239793
SG_008452,0.90668222
SG_008457,0.69371771
SG_008459,0.73604399
SG_008462,0.20713214
SG_008467,0.49175137
SG_008468,0.41043159
SG_008478,0.03266122
SG_008482,0.97750375
SG_008484,0.88568572
SG_008485,0.95400767
SG_008494,0.33494418
SG_008497,0.45292451
SG_008498,0.66155641
SG_008500,0.80769872
SG_008501,0.86118980
SG_008504,0.24712548
SG_008506,0.99250125
SG_008512,0.95817364
SG_008514,0.97550408
SG_008517,0.75020830
SG_008522,0.91351441
SG_008527,0.20996501
SG_008529,0.67755374
SG_008531,0.04415931
SG_008534,0.92051325
SG_008535,0.37960340
SG_008536,0.28561906
SG_008538,0.76653891
SG_008541,0.19696717
SG_008542,0.36610565
SG_008545,0.93784369
SG_008547,0.38610232
SG_008549,0.49291785
SG_008550,0.16030662
SG_008551,0.45775704
SG_008553,0.38710215
SG_008555,0.13981003
SG_008557,0.64555907
SG_008561,0.08398600
SG_008564,0.37493751
SG_008565,0.97300450
SG_008568,0.29911681
SG_008569,0.33461090
SG_008570,0.86602233
SG_008572,0.65555741
SG_008574,0.86068989
SG_008575,0.81569738
SG_008576,0.06798867
SG_008577,0.84035994
SG_008580,0.35744043
SG_008586,0.50008332
SG_008594,0.78286952
SG_008598,0.12381270
SG_008600,0.70321613
SG_008614,0.44959173
SG_008615,0.96767205
SG_008617,0.31611398
SG_008624,0.64522580
SG_008630,0.85169138
SG_008635,0.09748375
SG_008636,0.07532078
SG_008639,0.76470588
SG_008645,0.17430428
SG_008646,0.53674388
SG_008650,0.86368939
SG_008653,0.75704049
SG_008669,0.68505249
SG_008671,0.75737377
SG_008689,0.82186302
SG_008691,0.58640227
SG_008693,0.97533744
SG_008708,0.67788702
SG_008714,0.65472421
SG_008726,0.16963839
SG_008727,0.95300783
SG_008729,0.17330445
SG_008734,0.86968839
SG_008735,0.57523746
SG_008737,0.84585902
SG_008739,0.10948175
SG_008745,0.95067489
SG_008749,0.12197967
SG_008755,0.10981503
SG_008759,0.27812031
SG_008766,0.55124146
SG_008769,0.42209632
SG_008770,0.15930678
SG_008771,0.05765706
SG_008773,0.88318614
SG_008774,0.74754208
SG_008776,0.14080987
SG_008777,0.52574571
SG_008780,0.80503249
SG_008782,0.48341943
SG_008784,0.29445092
SG_008785,0.35944009
SG_008787,0.20779870
SG_008789,0.76870522
SG_008793,0.30128312
SG_008798,0.63789368
SG_008810,0.65772371
SG_008816,0.97100483
SG_008823,0.72104649
SG_008824,0.59373438
SG_008825,0.77403766
SG_008828,0.81669722
SG_008836,0.23146142
SG_008839,0.46892185
SG_008840,0.07315447
SG_008841,0.10431595
SG_008843,0.57090485
SG_008844,0.66705549
SG_008845,0.59490085
SG_008849,0.64539243
SG_008850,0.46775537
SG_008853,0.60439927
SG_008855,0.32211298
SG_008859,0.57457090
SG_008862,0.35410765
SG_008864,0.15197467
SG_008865,0.02582903
SG_008866,0.05382436
SG_008867,0.92384603
SG_008869,0.86902183
SG_008876,0.77853691
SG_008881,0.53457757
SG_008883,0.34477587
SG_008888,0.10248292
SG_008889,0.95484086
SG_008895,0.83602733
SG_008897,0.50708215
SG_008901,0.14330945
SG_008905,0.01866356
SG_008907,0.13031161
SG_008908,0.08265289
SG_008910,0.22579570
SG_008913,0.77370438
SG_008914,0.23029495
SG_008917,0.43176137
SG_008919,0.12281286
SG_008920,0.98766872
SG_008925,0.71454758
SG_008926,0.28395267
SG_008927,0.25012498
SG_008930,0.36943843
SG_008932,0.21979670
SG_008934,0.96267289
SG_008937,0.00816531
SG_008940,0.56823863
SG_008943,0.26412265
SG_008947,0.07465422
SG_008955,0.63122813
SG_008960,0.72837860
SG_008962,0.02599567
SG_008964,0.32544576
SG_008965,0.08448592
SG_008966,0.23429428
SG_008971,0.44142643
SG_008972,0.05599067
SG_008976,0.82802866
SG_008978,0.03749375
SG_008983,0.24195967
SG_008989,0.94617564
SG_008990,0.31461423
SG_008994,0.64389268
SG_008996,0.63706049
SG_008998,0.32944509
SG_008999,0.02766206
SG_009001,0.89868355
SG_009005,0.40676554
SG_009006,0.17880353
SG_009011,0.31278120
SG_009017,0.27295451
SG_009018,0.48008665
SG_009032,0.11331445
SG_009034,0.25045826
SG_009043,0.80386602
SG_009047,0.12714548
SG_009048,0.19213464
SG_009053,0.11981336
SG_009055,0.61139810
SG_009058,0.21263123
SG_009063,0.82902850
SG_009064,0.88301950
SG_009065,0.84319280
SG_009069,0.52707882
SG_009070,0.45442426
SG_009072,0.46642226
SG_009075,0.40009998
SG_009079,0.34177637
SG_009080,0.83852691
SG_009081,0.15580737
SG_009083,0.17563739
SG_009085,0.24545909
SG_009091,0.51074821
SG_009093,0.15697384
SG_009100,0.01016497
SG_009109,0.57540410
SG_009115,0.70204966
SG_009119,0.41059823
SG_009120,0.83186136
SG_009123,0.59806699
SG_009124,0.28428595
SG_009127,0.29378437
SG_009128,0.11498084
SG_009135,0.77237127
SG_009136,0.68538577
SG_009139,0.30794868
SG_009146,0.99633394
SG_009147,0.71504749
SG_009149,0.02866189
SG_009150,0.91984669
SG_009152,0.95034161
SG_009153,0.25629062
SG_009159,0.76420597
SG_009168,0.71604733
SG_009169,0.93084486
SG_009170,0.41726379
SG_009172,0.23046159
SG_009176,0.19730045
SG_009179,0.48525246
SG_009183,0.53707715
SG_009193,0.66872188
SG_009196,0.83652725
SG_009199,0.70304949
SG_009202,0.65339110
SG_009203,0.18313614
SG_009204,0.15497417
SG_009206,0.14897517
SG_009207,0.78820197
SG_009209,0.47308782
SG_009210,0.64589235
SG_009214,0.62822863
SG_009220,0.29278454
SG_009223,0.11898017
SG_009224,0.42476254
SG_009225,0.43192801
SG_009226,0.93634394
SG_009229,0.32844526
SG_009230,0.90134978
SG_009236,0.60989835
SG_009242,0.17963673
SG_009246,0.64672555
SG_009250,0.51608065
SG_009253,0.93734378
SG_009266,0.98550242
SG_009268,0.58073654
SG_009272,0.85319113
SG_009273,0.01499750
SG_009274,0.63439427
SG_009277,0.98216964
SG_009278,0.40893184
SG_009279,0.13364439
SG_009280,0.37077154
SG_009281,0.29745042
SG_009289,0.84502583
SG_009290,0.95350775
SG_009299,0.10698217
SG_009300,0.43609398
SG_009305,0.09015164
SG_009307,0.71188135
SG_009319,0.12064656
SG_009328,0.01566406
SG_009333,0.30294951
SG_009335,0.14997500
SG_009341,0.36910515
SG_009347,0.50358274
SG_009354,0.63222796
SG_009355,0.97400433
SG_009357,0.43759373
SG_009362,0.61573071
SG_009363,0.88468589
SG_009365,0.26112315
SG_009366,0.96467255
SG_009367,0.60773204
SG_009370,0.46442260
SG_009386,0.63872688
SG_009392,0.11414764
SG_009398,0.18480253
SG_009400,0.20946509
SG_009402,0.44925846
SG_009403,0.54307615
SG_009404,0.19830028
SG_009406,0.68421930
SG_009407,0.67305449
SG_009408,0.04632561
SG_009409,0.02199633
SG_009410,0.99833361
SG_009411,0.42342943
SG_009412,0.33877687
SG_009413,0.38926846
SG_009415,0.48058657
SG_009417,0.79770038
SG_009419,0.19996667
SG_009425,0.75370772
SG_009426,0.59356774
SG_009427,0.20046659
SG_009429,0.01183136
SG_009434,0.60756541
SG_009438,0.18763539
SG_009441,0.29928345
SG_009442,0.08115314
SG_009444,0.83586069
SG_009445,0.90784869
SG_009446,0.26728879
SG_009447,0.62106316
SG_009449,0.40876521
SG_009455,0.59340110
SG_009458,0.58790202
SG_009461,0.89301783
SG_009462,0.98283619
SG_009466,0.36527245
SG_009473,0.18113648
SG_009478,0.59740043
SG_009479,0.45575737
SG_009481,0.62439593
SG_009485,0.30578237
SG_009490,0.64039327
SG_009496,0.28311948
SG_009500,0.15947342
SG_009502,0.93117814
SG_009504,0.84069322
SG_009505,0.29861690
SG_009516,0.20663223
SG_009518,0.68588569
SG_009519,0.64739210
SG_009528,0.20229962
SG_009529,0.47892018
SG_009530,0.07798700
SG_009533,0.89168472
SG_009537,0.03982670
SG_009539,0.08381936
SG_009540,0.18046992
SG_009541,0.64139310
SG_009544,0.22729545
SG_009556,0.72004666
SG_009558,0.59790035
SG_009566,0.25279120
SG_009567,0.52507915
SG_009569,0.08531911
SG_009573,0.50441593
SG_009577,0.09315114
SG_009581,0.15280787
SG_009582,0.43476087
SG_009584,0.30428262
SG_009585,0.61673054
SG_009589,0.52941176
SG_009592,0.09231795
SG_009593,0.64305949
SG_009602,0.37343776
SG_009614,0.52691218
SG_009616,0.94900850
SG_009618,0.97817030
SG_009619,0.33644393
SG_009620,0.55940677
SG_009622,0.23346109
SG_009630,0.72421263
SG_009632,0.24562573
SG_009639,0.08881853
SG_009649,0.75770705
SG_009651,0.48458590
SG_009661,0.30644893
SG_009670,0.07565406
SG_009671,0.88535244
SG_009679,0.76187302
SG_009681,0.10581570
SG_009683,0.62272955
SG_009687,0.87435427
SG_009690,0.39143476
SG_009691,0.73171138
SG_009694,0.55390768
SG_009696,0.94884186
SG_009701,0.79986669
SG_009702,0.12081320
SG_009707,0.36327279
SG_009716,0.19480087
SG_009718,0.49275121
SG_009727,0.57823696
SG_009736,0.68638560
SG_009741,0.34894184
SG_009744,0.85202466
SG_009746,0.53074488
SG_009747,0.74270955
SG_009751,0.23312781
SG_009754,0.68755207
SG_009757,0.12931178
SG_009759,0.76287285
SG_009760,0.74587569
SG_009762,0.04132645
SG_009763,0.44709215
SG_009766,0.54790868
SG_009776,0.66272288
SG_009778,0.88685219
SG_009780,0.96667222
SG_009782,0.98800200
SG_009783,0.00499917
SG_009785,0.32927845
SG_009786,0.90984836
SG_009791,0.48625229
SG_009794,0.03899350
SG_009795,0.60023329
SG_009799,0.62906182
SG_009800,0.91384769
SG_009814,0.81119813
SG_009819,0.15664056
SG_009824,0.10414931
SG_009825,0.88018664
SG_009829,0.98533578
SG_009834,0.65089152
SG_009837,0.82202966
SG_009838,0.28911848
SG_009843,0.48741876
SG_009845,0.44409265
SG_009851,0.66855524
SG_009855,0.93717714
SG_009856,0.66438927
SG_009862,0.43826029
SG_009865,0.09831695
SG_009867,0.23746042
SG_009868,0.57890352
SG_009869,0.28128645
SG_009870,0.57973671
SG_009875,0.13914348
SG_009876,0.37177137
SG_009877,0.65872355
SG_009878,0.93801033
SG_009880,0.58856857
SG_009881,0.40209965
SG_009895,0.99000167
SG_009905,0.39560073
SG_009909,0.18680220
SG_009914,0.64239293
SG_009916,0.44425929
SG_009921,0.21013164
SG_009923,0.82452925
SG_009926,0.67538744
SG_009929,0.72954508
SG_009932,0.50541576
SG_009933,0.48408599
SG_009935,0.03482753
SG_009936,0.60289952
SG_009937,0.27345442
SG_009941,0.56423929
SG_009942,0.61273121
SG_009953,0.95167472
SG_009956,0.20029995
SG_009959,0.25512415
SG_009964,0.44092651
SG_009972,0.87452091
SG_009977,0.53774371
SG_009979,0.91518080
SG_009982,0.15597400
SG_009985,0.78053658
SG_009987,0.01533078
SG_009989,0.64939177
SG_009993,0.11648059
SG_009997,0.79503416
SG_009999,0.29195134
SG_010002,0.94584236
SG_010007,0.81286452
SG_010008,0.22812865
SG_010009,0.10181636
SG_010010,0.74037660
SG_010011,0.50741543
SG_010012,0.12481253
SG_010014,0.13747709
SG_010015,0.45809032
SG_010019,0.19563406
SG_010020,0.39460090
SG_010021,0.10131645
SG_010024,0.29811698
SG_010025,0.48041993
SG_010034,0.43876021
SG_010037,0.08248625
SG_010038,0.21363106
SG_010042,0.79386769
SG_010045,0.31811365
SG_010047,0.22362940
SG_010048,0.79253458
SG_010050,0.72337944
SG_010052,0.40043326
SG_010058,0.30528245
SG_010061,0.83536077
SG_010068,0.81336444
SG_010069,0.28945176
SG_010074,0.46325612
SG_010078,0.21529745
SG_010081,0.05282453
SG_010084,0.11748042
SG_010085,0.44242626
SG_010086,0.88885186
SG_010088,0.50958174
SG_010091,0.12797867
SG_010092,0.94834194
SG_010099,0.68921846
SG_010101,0.26612231
SG_010103,0.30344943
SG_010104,0.80719880
SG_010106,0.93284453
SG_010109,0.13081153
SG_010115,0.07715381
SG_010116,0.73987669
SG_010117,0.77570405
SG_010123,0.98983503
SG_010130,0.06915514
SG_010132,0.12831195
SG_010134,0.83752708
SG_010142,0.98900183
SG_010144,0.16730545
SG_010146,0.55224129
SG_010151,0.06632228
SG_010153,0.96133978
SG_010155,0.92401266
SG_010157,0.84402600
SG_010165,0.06015664
SG_010166,0.41276454
SG_010169,0.19430095
SG_010170,0.63506082
SG_010172,0.40659890
SG_010173,0.62756207
SG_010174,0.61306449
SG_010175,0.50808199
SG_010176,0.53857690
SG_010182,0.14180970
SG_010183,0.51091485
SG_010184,0.52457924
SG_010187,0.27795367
SG_010195,0.17680387
SG_010198,0.56907182
SG_010199,0.30861523
SG_010200,0.04332611
SG_010204,0.80453258
SG_010206,0.58090318
SG_010208,0.87602066
SG_010209,0.39626729
SG_010210,0.84752541
SG_010213,0.39376771
SG_010217,0.59390102
SG_010226,0.92817864
SG_010227,0.13047825
SG_010234,0.13497750
SG_010235,0.32561240
SG_010238,0.87618730
SG_010241,0.35594068
SG_010242,0.06182303
SG_010243,0.14280953
SG_010246,0.66522246
SG_010252,0.96000667
SG_010253,0.99166806
SG_010256,0.56940510
SG_010257,0.38593568
SG_010258,0.00649892
SG_010259,0.97583736
SG_010261,0.60856524
SG_010263,0.16663889
SG_010265,0.01549742
SG_010267,0.06132311
SG_010271,0.52824529
SG_010273,0.49758374
SG_010274,0.56423929
SG_010277,0.34777537
SG_010284,0.05732378
SG_010286,0.19913348
SG_010287,0.99450092
SG_010288,0.08615231
SG_010293,0.37010498
SG_010294,0.67222130
SG_010298,0.53191135
SG_010306,0.69338444
SG_010313,0.28745209
SG_010315,0.89735044
SG_010316,0.72771205
SG_010319,0.14247625
SG_010320,0.87535411
SG_010322,0.40093318
SG_010323,0.91801366
SG_010326,0.06982170
SG_010328,0.64372605
SG_010329,0.94450925
SG_010330,0.80403266
SG_010332,0.01833028
SG_010336,0.88451925
SG_010344,0.70838194
SG_010347,0.80803199
SG_010350,0.40576571
SG_010352,0.99683386
SG_010354,0.61289785
SG_010358,0.45342443
SG_010371,0.32177970
SG_010373,0.59523413
SG_010379,0.14164306
SG_010386,0.62706216
SG_010393,0.26895517
SG_010394,0.61439760
SG_010399,0.99183469
SG_010401,0.38426929
SG_010404,0.08098650
SG_010406,0.51974671
SG_010407,0.26662223
SG_010409,0.98916847
SG_010412,0.76320613
SG_010418,0.10964839
SG_010420,0.03799367
SG_010424,0.93151141
SG_010425,0.51058157
SG_010428,0.97183803
SG_010430,0.89751708
SG_010431,0.81186469
SG_010435,0.34960840
SG_010442,0.99766706
SG_010455,0.74904183
SG_010459,0.48391935
SG_010460,0.81519747
SG_010461,0.58056991
SG_010462,0.45075821
SG_010465,0.10664889
SG_010467,0.36227295
SG_010469,0.81803033
SG_010470,0.63022830
SG_010472,0.06448925
SG_010475,0.63322780
SG_010477,0.96583903
SG_010481,0.72654558
SG_010482,0.20196634
SG_010483,0.49525079
SG_010485,0.65955674
SG_010486,0.08498584
SG_010487,0.66472255
SG_010490,0.41409765
SG_010492,0.36143976
SG_010493,0.42792868
SG_010495,0.20063323
SG_010498,0.41643059
SG_010499,0.09081820
SG_010501,0.84202633
SG_010503,0.05365772
SG_010505,0.10564906
SG_010506,0.32861190
SG_010507,0.05315781
SG_010509,0.59173471
SG_010510,0.50208299
SG_010515,0.90084986
SG_010517,0.79753374
SG_010518,0.91718047
SG_010531,0.46825529
SG_010546,0.87585402
SG_010547,0.29578404
SG_010550,0.74570905
SG_010552,0.19630062
SG_010553,0.54124313
SG_010555,0.68555241
SG_010561,0.33844359
SG_010562,0.50691551
SG_010563,0.93651058
SG_010569,0.30944843
SG_010571,0.46792201
SG_010577,0.15247459
SG_010578,0.35644059
SG_010579,0.70621563
SG_010582,0.55357440
SG_010585,0.95050825
SG_010586,0.96200633
SG_010588,0.26478920
SG_010589,0.12447925
SG_010590,0.85352441
SG_010592,0.92317947
SG_010594,0.40793201
SG_010598,0.85835694
SG_010600,0.35360773
SG_010607,0.28795201
SG_010611,0.89585069
SG_010615,0.77970338
SG_010616,0.58906849
SG_010619,0.35160807
SG_010627,0.28195301
SG_010634,0.02299617
SG_010635,0.12747875
SG_010636,0.19096817
SG_010649,0.87502083
SG_010651,0.20246626
SG_010653,0.37210465
SG_010655,0.16063989
SG_010659,0.19930012
SG_010662,0.95267455
SG_010664,0.92934511
SG_010666,0.14347609
SG_010668,0.34410932
SG_010670,0.61073154
SG_010673,0.99950008
SG_010674,0.43326112
SG_010679,0.74337610
SG_010684,0.60256624
SG_010685,0.17513748
SG_010690,0.01166472
SG_010696,0.48425262
SG_010700,0.68188635
SG_010707,0.48641893
SG_010708,0.38276954
SG_010713,0.14297617
SG_010717,0.18780203
SG_010718,0.39193468
SG_010721,0.65172471
SG_010722,0.17447092
SG_010726,0.99716714
SG_010729,0.24162640
SG_010733,0.45475754
SG_010734,0.63972671
SG_010737,0.25595734
SG_010739,0.27962006
SG_010745,0.71754708
SG_010752,0.22379603
SG_010753,0.86085652
SG_010757,0.21813031
SG_010760,0.69455091
SG_010763,0.29045159
SG_010769,0.66338944
SG_010772,0.87835361
SG_010773,0.30911515
SG_010774,0.69355107
SG_010781,0.28845192
SG_010784,0.10614898
SG_010789,0.12564573
SG_010791,0.73971005
SG_010795,0.93384436
SG_010796,0.41809698
SG_010798,0.42526246
SG_010801,0.53174471
SG_010803,0.92301283
SG_010808,0.46225629
SG_010809,0.26828862
SG_010810,0.79320113
SG_010814,0.96517247
SG_010816,0.11664723
SG_010818,0.02666222
SG_010824,0.87685386
SG_010828,0.98000333
SG_010830,0.95834028
SG_010831,0.21946342
SG_010837,0.92534578
SG_010843,0.34710882
SG_010844,0.98450258
SG_010845,0.08848525
SG_010846,0.19580070
SG_010847,0.76337277
SG_010853,0.24862523
SG_010857,0.02532911
SG_010860,0.33011165
SG_010863,0.08631895
SG_010865,0.42442926
SG_010870,0.90951508
SG_010871,0.57273788
SG_010872,0.41326446
SG_010876,0.99733378
SG_010881,0.21779703
SG_010882,0.36710548
SG_010884,0.92251291
SG_010887,0.17063823
SG_010888,0.71688052
SG_010889,0.79853358
SG_010894,0.73504416
SG_010896,0.47908682
SG_010898,0.39060157
SG_010902,0.45509082
SG_010904,0.74970838
SG_010907,0.72737877
SG_010911,0.12631228
SG_010922,0.89718380
SG_010930,0.01049825
SG_010946,0.91334778
SG_010951,0.05515747
SG_010956,0.76003999
SG_010960,0.97850358
SG_010961,0.67888685
SG_010962,0.64655891
SG_010969,0.54749208
SG_010971,0.18580237
SG_010973,0.99050158
SG_010974,0.05065822
SG_010977,0.27512081
SG_010982,0.01599733
SG_010985,0.20346609
SG_010986,0.58140310
SG_010987,0.73021163
SG_010993,0.14980837
SG_010995,0.04399267
SG_010998,0.99650058
SG_011003,0.37777037
SG_011010,0.20829862
SG_011012,0.49891685
SG_011016,0.20313281
SG_011017,0.36860523
SG_011025,0.36077320
SG_011031,0.69088485
SG_011050,0.06515581
SG_011052,0.58223629
SG_011053,0.75687385
SG_011055,0.48091985
SG_011057,0.80119980
SG_011060,0.14814198
SG_011073,0.60656557
SG_011075,0.81203133
SG_011077,0.28111981
SG_011088,0.25612398
SG_011089,0.33777704
SG_011097,0.24645892
SG_011107,0.52957840
SG_011110,0.46742210
SG_011117,0.37227129
SG_011120,0.80836527
SG_011132,0.85902350
SG_011133,0.04932511
SG_011139,0.97467089
SG_011143,0.79303449
SG_011144,0.23129478
SG_011147,0.56773871
SG_011148,0.38793534
SG_011151,0.00783203
SG_011152,0.85185802
SG_011154,0.36093984
SG_011158,0.51758040
SG_011159,0.94084319
SG_011160,0.92801200
SG_011161,0.55990668
SG_011162,0.28761873
SG_011164,0.09048492
SG_011169,0.29661723
SG_011170,0.12581236
SG_011175,0.26762206
SG_011176,0.88601900
SG_011177,0.54624229
SG_011182,0.55907349
SG_011184,0.60839860
SG_011186,0.45642393
SG_011190,0.05865689
SG_011192,0.88085319
SG_011199,0.19546742
SG_011200,0.13897684
SG_011201,0.23012831
SG_011203,0.16330612
SG_011208,0.97233794
SG_011212,0.22846192
SG_011214,0.62839527
SG_011221,0.98633561
SG_011222,0.80003333
SG_011224,0.26495584
SG_011226,0.65655724
SG_011235,0.55374104
SG_011239,0.28695217
SG_011250,0.16263956
SG_011257,0.81436427
SG_011259,0.46692218
SG_011261,0.58773538
SG_011262,0.94917514
SG_011266,0.88935177
SG_011274,0.07765372
SG_011275,0.23279453
SG_011279,0.14364273
SG_011280,0.33577737
SG_011285,0.03616064
SG_011291,0.36060657
SG_011294,0.49341776
SG_011298,0.62289618
SG_011303,0.45492418
SG_011304,0.07382103
SG_011306,0.20546576
SG_011307,0.29878354
SG_011308,0.84535911
SG_011309,0.50841526
SG_011310,0.37927012
SG_011312,0.92334611
SG_011313,0.97483753
SG_011327,0.13347775
SG_011333,0.69388435
SG_011335,0.59440093
SG_011337,0.57640393
SG_011340,0.09248459
SG_011343,0.17947009
SG_011345,0.07598734
SG_011347,0.33144476
SG_011350,0.24445926
SG_011357,0.80236627
SG_011360,0.73237794
SG_011361,0.78020330
SG_011367,0.22946176
SG_011371,0.33544409
SG_011376,0.17080487
SG_011377,0.90968172
SG_011380,0.13697717
SG_011381,0.42542910
SG_011383,0.40776537
SG_011398,0.82119647
SG_011401,0.62506249
SG_011413,0.41976337
SG_011416,0.16430595
SG_011420,0.62789535
SG_011429,0.66555574
SG_011432,0.23246126
SG_011437,0.53091151
SG_011443,0.44292618
SG_011447,0.97700383
SG_011450,0.42942843
SG_011457,0.53841026
SG_011458,0.48925179
SG_011460,0.18380270
SG_011464,0.29395101
SG_011468,0.24612565
SG_011469,0.67988669
SG_011473,0.87702050
SG_011475,0.91468089
SG_011479,0.92984503
SG_011482,0.96567239
SG_011483,0.92734544
SG_011492,0.59556741
SG_011493,0.64605899
SG_011497,0.29728379
SG_011503,0.37477087
SG_011504,0.64455924
SG_011505,0.48975171
SG_011512,0.62772871
SG_011519,0.37443759
SG_011526,0.66505582
SG_011527,0.42259623
SG_011528,0.37527079
SG_011532,0.30011665
SG_011541,0.31478087
SG_011544,0.26945509
SG_011547,0.80136644
SG_011548,0.95700717
SG_011552,0.48825196
SG_011566,0.47108815
SG_011567,0.89401766
SG_011569,0.64689218
SG_011575,0.30511581
SG_011576,0.97833694
SG_011577,0.19296784
SG_011581,0.50791535
SG_011584,0.78986836
SG_011586,0.89001833
SG_011593,0.55974004
SG_011597,0.32577904
SG_011598,0.92417930
SG_011602,0.41293118
SG_011605,0.86835527
SG_011607,0.11148142
SG_011612,0.95950675
SG_011616,0.44042660
SG_011617,0.34860857
SG_011620,0.85919013
SG_011622,0.57257124
SG_011625,0.25679053
SG_011626,0.38810198
SG_011627,0.88135311
SG_011632,0.92751208
SG_011633,0.84619230
SG_011635,0.95917347
SG_011638,0.66172305
SG_011640,0.67405432
SG_011645,0.34844193
SG_011649,0.78220297
SG_011656,0.45192468
SG_011662,0.18213631
SG_011663,0.66422263
SG_011666,0.41476421
SG_011672,0.07148809
SG_011673,0.51258124
SG_011676,0.97600400
SG_011678,0.54457590
SG_011682,0.33944343
SG_011683,0.29611731
SG_011684,0.14664223
SG_011691,0.64922513
SG_011694,0.10464923
SG_011695,0.51708049
SG_011697,0.51491418
SG_011699,0.18913514
SG_011701,0.67338777
SG_011704,0.90851525
SG_011705,0.42276287
SG_011708,0.53141143
SG_011714,0.95667389
SG_011715,0.47625396
SG_011720,0.59256791
SG_011721,0.02049658
SG_011727,0.10631561
SG_011728,0.62672888
SG_011729,0.44909182
SG_011731,0.17147142
SG_011736,0.51824696
SG_011737,0.34394268
SG_011747,0.42592901
SG_011749,0.93234461
SG_011750,0.47875354
SG_011752,0.36777204
SG_011757,0.96233961
SG_011764,0.61506416
SG_011767,0.09548409
SG_011769,0.97917014
SG_011770,0.48675221
SG_011772,0.87468755
SG_011773,0.40593234
SG_011777,0.23479420
SG_011779,0.25812365
SG_011780,0.70054991
SG_011786,0.76487252
SG_011787,0.92184636
SG_011789,0.07232128
SG_011796,0.07265456
SG_011799,0.23196134
SG_011801,0.78120313
SG_011802,0.83819363
SG_011806,0.00616564
SG_011812,0.66072321
SG_011814,0.74620897
SG_011815,0.63189468
SG_011816,0.87052158
SG_011830,0.60706549
SG_011833,0.02499583
SG_011843,0.65489085
SG_011853,0.88551908
SG_011855,0.79420097
SG_011858,0.17813698
SG_011861,0.20596567
SG_011863,0.83202800
SG_011864,0.71354774
SG_011868,0.94350942
SG_011869,0.56590568
SG_011871,0.80886519
SG_011886,0.34360940
SG_011889,0.21079820
SG_011890,0.56357274
SG_011894,0.49508415
SG_011896,0.20529912
SG_011898,0.32077987
SG_011900,0.74920847
SG_011918,0.96067322
SG_011922,0.27995334
SG_011925,0.51241460
SG_011926,0.69721713
SG_011927,0.66955507
SG_011931,0.14947509
SG_011933,0.12597900
SG_011936,0.02332945
SG_011939,0.29311781
SG_011940,0.32777870
SG_011953,0.72704549
SG_011955,0.79353441
SG_011956,0.58506916
SG_011959,0.10598234
SG_011961,0.88285286
SG_011962,0.81003166
SG_011966,0.86418930
SG_011969,0.22046326
SG_011971,0.25395767
SG_011977,0.38493584
SG_011978,0.09965006
SG_011983,0.18663556
SG_011986,0.60906516
SG_011988,0.43142810
SG_011993,0.46942176
SG_011995,0.64955841
SG_011996,0.18463589
SG_011997,0.40509915
SG_012000,0.33177804
SG_012013,0.58240293
SG_012018,0.48225296
SG_012019,0.47825362
SG_012020,0.55440760
SG_012022,0.40259957
SG_012031,0.26145642
SG_012040,0.52791201
SG_012041,0.04482586
SG_012048,0.25962340
SG_012050,0.12664556
SG_012051,0.05182470
SG_012052,0.98850192
SG_012064,0.78153641
SG_012066,0.59506749
SG_012068,0.21029828
SG_012076,0.71554741
SG_012077,0.38943509
SG_012078,0.38093651
SG_012079,0.04515914
SG_012080,0.79520080
SG_012081,0.13731045
SG_012082,0.59190135
SG_012086,0.28461923
SG_012089,0.71404766
SG_012097,0.33894351
SG_012104,0.70254958
SG_012108,0.53624396
SG_012113,0.60239960
SG_012119,0.77737044
SG_012124,0.70504916
SG_012125,0.53824363
SG_012141,0.93267789
SG_012143,0.50258290
SG_012145,0.13297784
SG_012148,0.23996001
SG_012150,0.55524079
SG_012162,0.37993668
SG_012165,0.54874188
SG_012166,0.34810865
SG_012167,0.52041326
SG_012168,0.18930178
SG_012169,0.16680553
SG_012170,0.27212131
SG_012175,0.16497250
SG_012176,0.25712381
SG_012177,0.39576737
SG_012181,0.84835861
SG_012186,0.99066822
SG_012190,0.50991501
SG_012192,0.91434761
SG_012194,0.51524746
SG_012195,0.52241293
SG_012198,0.52491251
SG_012199,0.09115147
SG_012205,0.99916681
SG_012206,0.77787035
SG_012211,0.12681220
SG_012212,0.68221963
SG_012213,0.39943343
SG_012216,0.69155141
SG_012217,0.77087152
SG_012218,0.93401100
SG_012220,0.13414431
SG_012225,0.80419930
SG_012230,0.18146976
SG_012232,0.10364939
SG_012234,0.78686886
SG_012238,0.46675554
SG_012241,0.54774204
SG_012243,0.23912681
SG_012247,0.14597567
SG_012253,0.48108649
SG_012258,0.82252958
SG_012260,0.61606399
SG_012263,0.12347942
SG_012264,0.58723546
SG_012266,0.92117980
SG_012270,0.06465589
SG_012272,0.03849358
SG_012276,0.93101150
SG_012277,0.25462423
SG_012278,0.66988835
SG_012279,0.69805032
SG_012280,0.73354441
SG_012281,0.89601733
SG_012283,0.79236794
SG_012284,0.72887852
SG_012285,0.11681386
SG_012290,0.74070988
SG_012293,0.18496917
SG_012301,0.76103983
SG_012305,0.95784036
SG_012307,0.78903516
SG_012308,0.43992668
SG_012310,0.83619397
SG_012312,0.99616731
SG_012313,0.38476921
SG_012316,0.70171638
SG_012321,0.47542076
SG_012322,0.71821363
SG_012326,0.35877354
SG_012334,0.47025496
SG_012336,0.21796367
SG_012337,0.15147475
SG_012339,0.97567072
SG_012340,0.27178804
SG_012345,0.05999000
SG_012355,0.94200967
SG_012362,0.54324279
SG_012363,0.56390602
SG_012368,0.69921680
SG_012375,0.17047159
SG_012378,0.00666556
SG_012381,0.57557074
SG_012384,0.14780870
SG_012390,0.41909682
SG_012393,0.35927345
SG_012397,0.16347275
SG_012400,0.33694384
SG_012402,0.72937844
SG_012410,0.42326279
SG_012414,0.07698717
SG_012419,0.60406599
SG_012420,0.87135477
SG_012422,0.82919513
SG_012423,0.94700883
SG_012424,0.05715714
SG_012427,0.21096484
SG_012432,0.25879020
SG_012436,0.95650725
SG_012437,0.77253791
SG_012438,0.92651225
SG_012444,0.47392101
SG_012446,0.24795867
SG_012452,0.85969005
SG_012453,0.50574904
SG_012456,0.41493084
SG_012459,0.06048992
SG_012468,0.29361773
SG_012470,0.31361440
SG_012480,0.21996334
SG_012484,0.54749208
SG_012489,0.19163473
SG_012493,0.37577070
SG_012495,0.81836361
SG_012499,0.72187969
SG_012501,0.00233294
SG_012502,0.76537244
SG_012504,0.93334444
SG_012506,0.22179637
SG_012509,0.99033494
SG_012510,0.99500083
SG_012513,0.58565239
SG_012519,0.88335277
SG_012520,0.51408099
SG_012521,0.48375271
SG_012525,0.34377604
SG_012527,0.47292118
SG_012531,0.52191301
SG_012533,0.98950175
SG_012538,0.13231128
SG_012539,0.82102983
SG_012548,0.90451591
SG_012550,0.77170472
SG_012552,0.61773038
SG_012556,0.36343943
SG_012561,0.75287452
SG_012562,0.01399767
SG_012563,0.63256124
SG_012564,0.65739043
SG_012567,0.08781870
SG_012568,0.95417430
SG_012571,0.85019163
SG_012575,0.11048159
SG_012579,0.89285119
SG_012588,0.27062156
SG_012591,0.04465922
SG_012594,0.53007832
SG_012596,0.08948509
SG_012600,0.73921013
SG_012601,0.24412598
SG_012603,0.22612898
SG_012606,0.18363606
SG_012609,0.92501250
SG_012610,0.06148975
SG_012615,0.10114981
SG_012616,0.52441260
SG_012619,0.61939677
SG_012623,0.73521080
SG_012628,0.75504083
SG_012630,0.82636227
SG_012632,0.85469088
SG_012636,0.78453591
SG_012640,0.00833194
SG_012643,0.90051658
SG_012648,0.97517080
SG_012651,0.44942510
SG_012654,0.48808532
SG_012660,0.86702216
SG_012661,0.93001166
SG_012663,0.28145309
SG_012669,0.20129978
SG_012674,0.45625729
SG_012680,0.38226962
SG_012684,0.56673888
SG_012688,0.62806199
SG_012690,0.65605732
SG_012697,0.53891018
SG_012699,0.45059157
SG_012701,0.31128145
SG_012705,0.89018497
SG_012709,0.40459923
SG_012710,0.93417764
SG_012715,0.64072655
SG_012716,0.26028995
SG_012718,0.76570572
SG_012723,0.20579903
SG_012724,0.39610065
SG_012730,0.58523579
SG_012734,0.94634228
SG_012736,0.48758540
SG_012738,0.10198300
SG_012747,0.56107315
SG_012749,0.80603233
SG_012750,0.00149975
SG_012753,0.60889852
SG_012754,0.98300283
SG_012757,0.15980670
SG_012763,0.43959340
SG_012764,0.04349275
SG_012767,0.75087485
SG_012768,0.46458924
SG_012773,0.04599233
SG_012775,0.38626896
SG_012777,0.83386102
SG_012786,0.77753708
SG_012787,0.86168972
SG_012792,0.76837194
SG_012797,0.46558907
SG_012805,0.67388769
SG_012808,0.56290618
SG_012810,0.96650558
SG_012819,0.82786202
SG_012821,0.94234294
SG_012822,0.76637227
SG_012831,0.24512581
SG_012844,0.60673221
SG_012845,0.19146809
SG_012848,0.16297284
SG_012849,0.77503749
SG_012851,0.59323446
SG_012859,0.02399600
SG_012861,0.66005666
SG_012869,0.76270622
SG_012870,0.42559573
SG_012873,0.59956674
SG_012874,0.39926679
SG_012883,0.06715547
SG_012886,0.58823529
SG_012887,0.09915014
SG_012888,0.41659723
SG_012891,0.28528579
SG_012898,0.51174804
SG_012905,0.95184136
SG_012910,0.93034494
SG_012913,0.38843526
SG_012918,0.95100817
SG_012919,0.28861856
SG_012920,0.13381103
SG_012923,0.12814531
SG_012924,0.78870188
SG_012926,0.96017330
SG_012936,0.87785369
SG_012938,0.88101983
SG_012940,0.39360107
SG_012945,0.70704883
SG_012949,0.38076987
SG_012958,0.51874688
SG_012962,0.66305616
SG_012967,0.22696217
SG_012968,0.36743876
SG_012970,0.14397600
SG_012972,0.39893351
SG_012978,0.59206799
SG_012979,0.46358940
SG_012980,0.97500417
SG_012981,0.98266956
SG_012983,0.58673554
SG_012984,0.91401433
SG_012989,0.36110648
SG_012994,0.24029328
SG_012997,0.39710048
SG_013002,0.80953174
SG_013009,0.81403099
SG_013017,0.33344443
SG_013023,0.83902683
SG_013028,0.28961840
SG_013030,0.38210298
SG_013033,0.89818364
SG_013042,0.82836194
SG_013043,0.32094651
SG_013045,0.62472921
SG_013063,0.66255624
SG_013064,0.28495251
SG_013065,0.26462256
SG_013068,0.86502250
SG_013070,0.39226796
SG_013071,0.19880020
SG_013072,0.84002666
SG_013077,0.56873854
SG_013080,0.90001666
SG_013082,0.65522413
SG_013083,0.61706382
SG_013085,0.95084153
SG_013086,0.20429928
SG_013093,0.39810032
SG_013094,0.16363939
SG_013096,0.94267622
SG_013104,0.97083819
SG_013108,0.08765206
SG_013111,0.54940843
SG_013112,0.59073488
SG_013115,0.51291451
SG_013117,0.68071988
SG_013125,0.05115814
SG_013127,0.55657390
SG_013135,0.49008499
SG_013138,0.69005166
SG_013139,0.10531578
SG_013141,0.83836027
SG_013149,0.66805532
SG_013150,0.66122313
SG_013157,0.63056157
SG_013159,0.84985836
SG_013166,0.32627895
SG_013172,0.69205132
SG_013177,0.82136311
SG_013178,0.06898850
SG_013187,0.30044993
SG_013196,0.36010665
SG_013201,0.90684886
SG_013202,0.04549242
SG_013212,0.30478254
SG_013219,0.70804866
SG_013222,0.02782870
SG_013223,0.77353774
SG_013224,0.97417097
SG_013233,0.32961173
SG_013237,0.00766539
SG_013245,0.57507082
SG_013249,0.25529078
SG_013250,0.41626396
SG_013260,0.88268622
SG_013264,0.32994501
SG_013266,0.63172805
SG_013267,0.81386436
SG_013269,0.23879353
SG_013273,0.85235794
SG_013276,0.00533244
SG_013280,0.44075987
SG_013281,0.65539077
SG_013282,0.21496417
SG_013288,0.69821696
SG_013292,0.72637894
SG_013294,0.67972005
SG_013297,0.11131478
SG_013304,0.11698050
SG_013311,0.39043493
SG_013313,0.90651558
SG_013314,0.48841860
SG_013315,0.54840860
SG_013317,0.83169472
SG_013321,0.83052825
SG_013323,0.27945342
SG_013327,0.35910682
SG_013328,0.28978504
SG_013332,0.34310948
SG_013337,0.35227462
SG_013338,0.40626562
SG_013339,0.00133311
SG_013340,0.56157307
SG_013342,0.04715881
SG_013344,0.02232961
SG_013345,0.49941676
SG_013347,0.61256457
SG_013348,0.17380437
SG_013356,0.91651391
SG_013358,0.89351775
SG_013359,0.83319447
SG_013360,0.20013331
SG_013361,0.16930512
SG_013362,0.82036327
SG_013366,0.33394434
SG_013371,0.82936177
SG_013372,0.64422596
SG_013374,0.80336611
SG_013380,0.01516414
SG_013383,0.48608565
SG_013384,0.30628229
SG_013391,0.88985169
SG_013392,0.41193134
SG_013393,0.94317614
SG_013396,0.99383436
SG_013400,0.69988335
SG_013404,0.23846026
SG_013412,0.41526412
SG_013413,0.95317447
SG_013414,0.09281786
SG_013418,0.90151641
SG_013420,0.07832028
SG_013421,0.85219130
SG_013424,0.54990835
SG_013427,0.85735711
SG_013430,0.73904349
SG_013435,0.97683719
SG_013438,0.74354274
SG_013440,0.51008165
SG_013443,0.81369772
SG_013444,0.49541743
SG_013446,0.00899850
SG_013447,0.07398767
SG_013452,0.41759707
SG_013454,0.93434428
SG_013456,0.42226296
SG_013462,0.63839360
SG_013463,0.89068489
SG_013464,0.47992001
SG_013468,0.23446092
SG_013472,0.52057990
SG_013474,0.69121813
SG_013477,0.31094818
SG_013480,0.36810532
SG_013485,0.39210132
SG_013486,0.60156641
SG_013487,0.52174638
SG_013491,0.79436761
SG_013495,0.80369938
SG_013499,0.32194634
SG_013504,0.79886686
SG_013508,0.65372438
SG_013509,0.03516081
SG_013515,0.62639560
SG_013523,0.07248792
SG_013528,0.63156141
SG_013538,0.67088819
SG_013542,0.27695384
SG_013543,0.40376604
SG_013544,0.62522913
SG_013545,0.83086152
SG_013546,0.14530912
SG_013548,0.95934011
SG_013549,0.74720880
SG_013552,0.94367605
SG_013553,0.57707049
SG_013554,0.66672221
SG_013557,0.42692885
SG_013558,0.36393934
SG_013561,0.85552408
SG_013563,0.45042493
SG_013565,0.40976504
SG_013567,0.13564406
SG_013568,0.02132978
SG_013571,0.82236294
SG_013574,0.58490252
SG_013575,0.21646392
SG_013578,0.93051158
SG_013579,0.70554908
SG_013580,0.68705216
SG_013586,0.03082820
SG_013588,0.40359940
SG_013591,0.61839693
SG_013598,0.99550075
SG_013601,0.69188469
SG_013602,0.83869355
SG_013604,0.49825029
SG_013608,0.83069488
SG_013610,0.34677554
SG_013612,0.63139477
SG_013613,0.19063489
SG_013616,0.55540743
SG_013619,0.14414264
SG_013624,0.91184803
SG_013626,0.65389102
SG_013628,0.58590235
SG_013629,0.33711048
SG_013633,0.20563239
SG_013635,0.06532245
SG_013637,0.32911181
SG_013638,0.39393434
SG_013639,0.59006832
SG_013641,0.44575904
SG_013646,0.53241126
SG_013653,0.29478420
SG_013667,0.61023163
SG_013668,0.79536744
SG_013670,0.20413264
SG_013675,0.59106816
SG_013677,0.69671721
SG_013678,0.72804533
SG_013681,0.52091318
SG_013682,0.93301116
SG_013683,0.74454258
SG_013684,0.36177304
SG_013685,0.47175471
SG_013686,0.53491085
SG_013690,0.57907015
SG_013695,0.26512248
SG_013705,0.29211798
SG_013706,0.09181803
SG_013708,0.30094984
SG_013711,0.21629728
SG_013713,0.81853024
SG_013715,0.32427929
SG_013716,0.90884853
SG_013726,0.56607232
SG_013727,0.02682886
SG_013728,0.43592735
SG_013731,0.08181970
SG_013733,0.01099817
SG_013737,0.44542576
SG_013740,0.90418264
SG_013741,0.86552241
SG_013744,0.12031328
SG_013745,0.64622563
SG_013746,0.11764706
SG_013747,0.57773704
SG_013749,0.60639893
SG_013755,0.36460590
SG_013759,0.49225129
SG_013765,0.63739377
SG_013766,0.76803866
SG_013769,0.21113148
SG_013773,0.69871688
SG_013785,0.25429095
SG_013793,0.06265622
SG_013800,0.27362106
SG_013808,0.47775371
SG_013815,0.37827029
SG_013827,0.55724046
SG_013840,0.37843693
SG_013841,0.02932845
SG_013842,0.19530078
SG_013844,0.88201966
SG_013845,0.50558240
SG_013849,0.33111148
SG_013850,0.45242460
SG_013851,0.07782036
SG_013853,0.71704716
SG_013854,0.46208965
SG_013855,0.73004499
SG_013857,0.58123646
SG_013860,0.82169638
SG_013862,0.88968505
SG_013867,0.76370605
SG_013868,0.16630562
SG_013870,0.47525412
SG_013883,0.06765539
SG_013884,0.24345942
SG_013885,0.86785536
SG_013892,0.78653558
SG_013896,0.24762540
SG_013898,0.72987835
SG_013901,0.93617730
SG_013905,0.61906349
SG_013906,0.71221463
SG_013907,0.10331611
SG_013910,0.43659390
SG_013912,0.33961006
SG_013914,0.77520413
SG_013919,0.98583569
SG_013922,0.84185969
SG_013943,0.09431761
SG_013944,0.45909015
SG_013946,0.30928179
SG_013948,0.13164473
SG_013949,0.40443259
SG_013953,0.30211631
SG_013962,0.91818030
SG_013965,0.68205299
SG_013969,0.80653224
SG_013974,0.21863023
SG_013978,0.70521580
SG_013979,0.06882186
SG_013980,0.88385269
SG_013986,0.84735877
SG_013997,0.52591235
SG_014000,0.47692051
SG_014004,0.04815864
SG_014009,0.43859357
SG_014010,0.49391768
SG_014012,0.39960007
SG_014014,0.77670388
SG_014015,0.62256291
SG_014016,0.49125146
SG_014017,0.98833528
SG_014018,0.01933011
SG_014020,0.46542243
SG_014021,0.12864523
SG_014022,0.51024829
SG_014023,0.27912015
SG_014026,0.88701883
SG_014030,0.26928845
SG_014031,0.43026162
SG_014036,0.31794701
SG_014037,0.13831028
SG_014039,0.50774871
SG_014045,0.73404433
SG_014046,0.62156307
SG_014047,0.45375771
SG_014050,0.03116147
SG_014053,0.50491585
SG_014058,0.88118647
SG_014059,0.85935677
SG_014062,0.55340777
SG_014067,0.78520247
SG_014072,0.00349942
SG_014073,0.55057490
SG_014075,0.64322613
SG_014081,0.36660557
SG_014085,0.50308282
SG_014088,0.65255791
SG_014096,0.86668889
SG_014099,0.63772705
SG_014102,0.65439093
SG_014105,0.40059990
SG_014111,0.67422096
SG_014113,0.41609732
SG_014116,0.11831361
SG_014122,0.76087319
SG_014123,0.28278620
SG_014124,0.79170138
SG_014130,0.83636061
SG_014132,0.48025329
SG_014135,0.99816697
SG_014136,0.41893018
SG_014139,0.78103649
SG_014140,0.79086819
SG_014141,0.66888852
SG_014146,0.84385936
SG_014155,0.60123313
SG_014157,0.29178470
SG_014161,0.27145476
SG_014162,0.64172638
SG_014165,0.42826196
SG_014167,0.92201300
SG_014168,0.87102150
SG_014172,0.09931678
SG_014176,0.21429762
SG_014177,0.90734878
SG_014184,0.99983336
SG_014186,0.57957007
SG_014188,0.39643393
SG_014190,0.22146309
SG_014191,0.24329278
SG_014192,0.03682720
SG_014194,0.87235461
SG_014196,0.40143309
SG_014197,0.82052991
SG_014205,0.25895684
SG_014210,0.45025829
SG_014217,0.71488085
SG_014219,0.84469255
SG_014223,0.91851358
SG_014235,0.00333278
SG_014237,0.85635727
SG_014243,0.60956507
SG_014248,0.85085819
SG_014249,0.86002333
SG_014259,0.44592568
SG_014269,0.75420763
SG_014270,0.67005499
SG_014272,0.06498917
SG_014277,0.55774038
SG_014288,0.32044659
SG_014290,0.20213298
SG_014292,0.70038327
SG_014293,0.11614731
SG_014295,0.51741376
SG_014299,0.49775037
SG_014308,0.73704383
SG_014309,0.30961506
SG_014311,0.94717547
SG_014314,0.96333944
SG_014319,0.04299283
SG_014320,0.18180303
SG_014321,0.98383603
SG_014328,0.72504583
SG_014334,0.11281453
SG_014335,0.26778870
SG_014339,0.91368105
SG_014342,0.03866022
SG_014343,0.98116981
SG_014345,0.09681720
SG_014363,0.08998500
SG_014368,0.44625896
SG_014370,0.04032661
SG_014373,0.64222630
SG_014375,0.31428095
SG_014380,0.98600233
SG_014383,0.90901516
SG_014385,0.93567739
SG_014386,0.51808032
SG_014387,0.28645226
SG_014389,0.61123146
SG_014391,0.08798534
SG_014394,0.96550575
SG_014398,0.42809532
SG_014402,0.11714714
SG_014409,0.59906682
SG_014411,0.76120647
SG_014415,0.54140977
SG_014416,0.47358774
SG_014418,0.08515247
SG_014425,0.21146476
SG_014426,0.98433594
SG_014431,0.62306282
SG_014432,0.98933511
SG_014446,0.70071655
SG_014447,0.20263289
SG_014457,0.46758874
SG_014465,0.72587902
SG_014466,0.24312615
SG_014469,0.18713548
SG_014474,0.04865856
SG_014484,0.41509748
SG_014486,0.06548909
SG_014488,0.20863189
SG_014491,0.26062323
SG_014495,0.61756374
SG_014512,0.91118147
SG_014514,0.18613564
SG_014516,0.43242793
SG_014519,0.17547075
SG_014522,0.08665222
SG_014529,0.46875521
SG_014538,0.81819697
SG_014544,0.70438260
SG_014551,0.39543409
SG_014552,0.38460257
SG_014556,0.35277454
SG_014562,0.61339777
SG_014565,0.10514914
SG_014566,0.79003499
SG_014568,0.09798367
SG_014569,0.09381770
SG_014570,0.69288452
SG_014578,0.24112648
SG_014579,0.91768039
SG_014581,0.67805366
SG_014582,0.55807365
SG_014583,0.31444759
SG_014587,0.50474921
SG_014594,0.39176804
SG_014596,0.67255457
SG_014597,0.80436594
SG_014607,0.66288952
SG_014611,0.19180137
SG_014616,0.19596734
SG_014617,0.32527912
SG_014618,0.42176304
SG_014619,0.02249625
SG_014621,0.86302283
SG_014626,0.60606566
SG_014634,0.01899683
SG_014635,0.68955174
SG_014636,0.32227962
SG_014637,0.24529245
SG_014640,0.37943676
SG_014641,0.82686219
SG_014645,0.24262623
SG_014647,0.13014498
SG_014653,0.46275621
SG_014655,0.17397100
SG_014656,0.93667722
SG_014657,0.96717214
SG_014660,0.53591068
SG_014667,0.16763873
SG_014672,0.61489752
SG_014677,0.18246959
SG_014680,0.51124813
SG_014681,0.68838527
SG_014687,0.53107815
SG_014690,0.45592401
SG_014691,0.34727545
SG_014700,0.92034661
SG_014701,0.93967672
SG_014702,0.82019663
SG_014703,0.14914181
SG_014712,0.62122980
SG_014713,0.16213964
SG_014718,0.17747042
SG_014720,0.80086652
SG_014723,0.39910015
SG_014729,0.80786536
SG_014731,0.50408265
SG_014733,0.89151808
SG_014735,0.86952175
SG_014742,0.00183303
SG_014746,0.06932178
SG_014748,0.09031828
SG_014749,0.29228462
SG_014753,0.38260290
SG_014754,0.21879687
SG_014757,0.37593734
SG_014771,0.50191635
SG_014774,0.68671888
SG_014777,0.61323113
SG_014778,0.96500583
SG_014780,0.28411931
SG_014787,0.80753208
SG_014800,0.68055324
SG_014801,0.97667055
SG_014802,0.34127645
SG_014803,0.62406266
SG_014808,0.05332445
SG_014812,0.23379437
SG_014813,0.19780037
SG_014815,0.75437427
SG_014824,0.05565739
SG_014825,0.47375437
SG_014827,0.27745376
SG_014830,0.11348109
SG_014834,0.15114148
SG_014839,0.78570238
SG_014844,0.86802200
SG_014865,0.96800533
SG_014866,0.01249792
SG_014867,0.49425096
SG_014871,0.88235294
SG_014874,0.19130145
SG_014875,0.74420930
SG_014879,0.22879520
SG_014880,0.00583236
SG_014882,0.36493918
SG_014885,0.66922180
SG_014887,0.88868522
SG_014894,0.37643726
SG_014895,0.41743043
SG_014898,0.33277787
SG_014900,0.35127479
SG_014906,0.77637060
SG_014909,0.08081986
SG_014914,0.59973338
SG_014919,0.03132811
SG_014921,0.53474421
SG_014939,0.98183636
SG_014940,0.42142976
SG_014945,0.92867855
SG_014946,0.03099483
SG_014951,0.95567405
SG_014953,0.96883853
SG_014955,0.73087819
SG_014959,0.31311448
SG_014961,0.61873021
SG_014964,0.87818697
SG_014965,0.11098150
SG_014966,0.57757040
SG_014969,0.82003000
SG_014972,0.51391435
SG_014976,0.87902016
SG_014979,0.00483253
SG_014980,0.85102483
SG_014984,0.65905682
SG_014990,0.00066656
SG_014998,0.20096651
SG_014999,0.17480420
SG_015001,0.56057324
SG_015002,0.72721213
SG_015014,0.46992168
SG_015015,0.13931011
SG_015021,0.36543909
SG_015026,0.50758207
SG_015031,0.86152308
SG_015036,0.37377104
SG_015039,0.07015497
SG_015042,0.52307949
SG_015044,0.36260623
SG_015046,0.77587069
SG_015047,0.74470922
SG_015050,0.26862190
SG_015054,0.68155307
SG_015066,0.29695051
SG_015068,0.94867522
SG_015071,0.25229128
SG_015075,0.13264456
SG_015076,0.05899017
SG_015081,0.73304449
SG_015082,0.43059490
SG_015085,0.14864189
SG_015093,0.96100650
SG_015095,0.39660057
SG_015099,0.17097150
SG_015102,0.31511415
SG_015103,0.89135144
SG_015111,0.54607565
SG_015112,0.34560907
SG_015118,0.27095484
SG_015125,0.35044159
SG_015126,0.57207132
SG_015127,0.73821030
SG_015129,0.58190302
SG_015134,0.52324613
SG_015135,0.59423429
SG_015137,0.29111815
SG_015138,0.93867689
SG_015144,0.42109648
SG_015146,0.31411431
SG_015152,0.48508582
SG_015155,0.25862356
SG_015158,0.81353108
SG_015159,0.57840360
SG_015161,0.64089318
SG_015165,0.89185136
SG_015167,0.84102650
SG_015169,0.60073321
SG_015176,0.86335611
SG_015180,0.28078654
SG_015183,0.73421096
SG_015189,0.47408765
SG_015190,0.24062656
SG_015192,0.38660223
SG_015195,0.41959673
SG_015197,0.84885852
SG_015201,0.83019497
SG_015202,0.43442760
SG_015214,0.14097650
SG_015215,0.71021496
SG_015217,0.17130478
SG_015222,0.33527745
SG_015224,0.19280120
SG_015235,0.47042160
SG_015239,0.18030328
SG_015246,0.14264289
SG_015251,0.46158974
SG_015252,0.80353274
SG_015256,0.95450758
SG_015257,0.60473254
SG_015261,0.25495751
SG_015262,0.60623229
SG_015263,0.82336277
SG_015269,0.40543243
SG_015270,0.24745876
SG_015272,0.32361273
SG_015276,0.80969838
SG_015277,0.48575237
SG_015278,0.28261956
SG_015279,0.76387269
SG_015280,0.82086319
SG_015283,0.85952341
SG_015284,0.87418764
SG_015289,0.97617064
SG_015290,0.17363773
SG_015294,0.23729378
SG_015296,0.09465089
SG_015297,0.97783703
SG_015302,0.42376271
SG_015304,0.78503583
SG_015308,0.57740377
SG_015309,0.44892518
SG_015312,0.65939010
SG_015317,0.95634061
SG_015322,0.36643893
SG_015323,0.54707549
SG_015326,0.89201800
SG_015329,0.07082153
SG_015337,0.09598400
SG_015339,0.59240127
SG_015340,0.21346442
SG_015341,0.78786869
SG_015346,0.41709715
SG_015348,0.54240960
SG_015349,0.74537577
SG_015351,0.95500750
SG_015355,0.09531745
SG_015356,0.84635894
SG_015360,0.29711715
SG_015361,0.55107482
SG_015362,0.99150142
SG_015363,0.26228962
SG_015369,0.58565239
SG_015372,0.69955007
SG_015375,0.13431095
SG_015381,0.76953841
SG_015382,0.07298784
SG_015383,0.15714048
SG_015384,0.88501916
SG_015388,0.69438427
SG_015395,0.08815197
SG_015397,0.26628895
SG_015399,0.88401933
SG_015400,0.92601233
SG_015401,0.29261790
SG_015402,0.60273288
SG_015403,0.74820863
SG_015406,0.83736044
SG_015412,0.84552575
SG_015421,0.99366772
SG_015424,0.62606232
SG_015425,0.43076154
SG_015428,0.62006332
SG_015430,0.40743209
SG_015431,0.37127145
SG_015439,0.17863689
SG_015440,0.00016664
SG_015446,0.73271121
SG_015447,0.50074988
SG_015448,0.51191468
SG_015452,0.39426762
SG_015454,0.91151475
SG_015458,0.92451258
SG_015462,0.25945676
SG_015463,0.80203299
SG_015464,0.43709382
SG_015466,0.22462923
SG_015467,0.74637560
SG_015470,0.33477754
SG_015473,0.44442593
SG_015479,0.06948842
SG_015481,0.79103483
SG_015483,0.50424929
SG_015492,0.71154808
SG_015495,0.39676721
SG_015498,0.81753041
SG_015503,0.39293451
SG_015507,0.77153808
SG_015512,0.21713048
SG_015514,0.44375937
SG_015517,0.73571071
SG_015520,0.70821530
SG_015524,0.33194468
SG_015526,0.24279287
SG_015527,0.27978670
SG_015535,0.29161806
SG_015537,0.76603899
SG_015538,0.66388935
SG_015540,0.64855857
SG_015542,0.03332778
SG_015543,0.89235127
SG_015544,0.49308449
SG_015546,0.83936011
SG_015547,0.54040993
SG_015550,0.23462756
SG_015556,0.25412431
SG_015558,0.73037827
SG_015559,0.68988502
SG_015560,0.64872521
SG_015562,0.02916181
SG_015565,0.16947175
SG_015568,0.87368772
SG_015572,0.15830695
SG_015576,0.00316614
SG_015578,0.00733211
SG_015580,0.38376937
SG_015582,0.45542410
SG_015584,0.47058824
SG_015585,0.82419597
SG_015586,0.17997000
SG_015587,0.09065156
SG_015589,0.63272788
SG_015590,0.27012165
SG_015591,0.79153474
SG_015593,0.61723046
SG_015597,0.80253291
SG_015598,0.75220797
SG_015600,0.73121146
SG_015606,0.75104149
SG_015613,0.77770372
SG_015615,0.92567905
SG_015617,0.30411598
SG_015619,0.46608899
SG_015623,0.47642060
SG_015627,0.79720047
SG_015637,0.24012665
SG_015641,0.61006499
SG_015644,0.48775204
SG_015649,0.30078320
SG_015654,0.81903016
SG_015655,0.97950342
SG_015656,0.16847192
SG_015659,0.28245292
SG_015662,0.84152641
SG_015664,0.04382603
SG_015671,0.96450592
SG_015675,0.04065989
SG_015678,0.78270288
SG_015680,0.44992501
SG_015681,0.08281953
SG_015682,0.71004833
SG_015684,0.04949175
SG_015693,0.69571738
SG_015708,0.89418430
SG_015715,0.48658557
SG_015716,0.65139143
SG_015718,0.03232795
SG_015721,0.53274454
SG_015724,0.73321113
SG_015726,0.71171471
SG_015729,0.48241960
SG_015730,0.78703549
SG_015735,0.20146642
SG_015738,0.67172138
SG_015743,0.50891518
SG_015744,0.05915681
SG_015746,0.01416431
SG_015756,0.17413764
SG_015762,0.62139643
SG_015763,0.58940177
SG_015766,0.54107649
SG_015769,0.69038494
SG_015770,0.43892685
SG_015772,0.73104483
SG_015773,0.73471088
SG_015780,0.18730212
SG_015790,0.69405099
SG_015797,0.26378937
SG_015806,0.34610898
SG_015810,0.91868022
SG_015815,0.16413931
SG_015817,0.99483419
SG_015818,0.63756041
SG_015819,0.62922846
SG_015820,0.58290285
SG_015827,0.65889018
SG_015828,0.15364106
SG_015829,0.29345109
SG_015832,0.51591401
SG_015833,0.57440427
SG_015834,0.12214631
SG_015838,0.81153141
SG_015840,0.23862690
SG_015842,0.40943176
SG_015845,0.13847692
SG_015849,0.30361606
SG_015857,0.57040493
SG_015859,0.01583069
SG_015860,0.98016997
SG_015867,0.36793868
SG_015873,0.80186636
SG_015878,0.54590902
SG_015879,0.12147975
SG_015880,0.77537077
SG_015881,0.09131811
SG_015884,0.24995834
SG_015885,0.29595067
SG_015891,0.95734044
SG_015893,0.45325779
SG_015898,0.53691051
SG_015900,0.58006999
SG_015901,0.30028329
SG_015907,0.33077820
SG_015908,0.69588402
SG_015910,0.86318947
SG_015914,0.70004999
SG_015917,0.94117647
SG_015921,0.96917180
SG_015922,0.78203633
SG_015928,0.81036494
SG_015939,0.45725712
SG_015940,0.03732711
SG_015942,0.85535744
SG_015943,0.94517580
SG_015947,0.17247125
SG_015950,0.36877187
SG_015951,0.69938344
SG_015955,0.13481086
SG_015964,0.84135977
SG_015965,0.07515414
SG_015972,0.36443926
SG_015973,0.25779037
SG_015975,0.10481586
SG_015977,0.56190635
SG_015978,0.75804033
SG_015979,0.93451091
SG_015980,0.29328445
SG_015981,0.46392268
SG_015985,0.78936844
SG_015988,0.63072821
SG_015989,0.81636394
SG_015990,0.82969505
SG_015998,0.75637394
SG_015999,0.04432595
SG_016002,0.68321946
SG_016003,0.20479920
SG_016004,0.70104983
SG_016008,0.98733544
SG_016010,0.95517414
SG_016013,0.80553241
SG_016015,0.44109315
SG_016020,0.06698884
SG_016021,0.75137477
SG_016022,0.39976671
SG_016027,0.72237960
SG_016028,0.51891351
SG_016029,0.14747542
SG_016030,0.99583403
SG_016045,0.54174304
SG_016048,0.54490918
SG_016049,0.02966172
SG_016054,0.99516747
SG_016056,0.49108482
SG_016060,0.48475254
SG_016065,0.04832528
SG_016081,0.09881686
SG_016085,0.06065656
SG_016089,0.38993501
SG_016091,0.89218464
SG_016092,0.90718214
SG_016101,0.90818197
SG_016102,0.85602400
SG_016103,0.65289118
SG_016108,0.11564739
SG_016109,0.53307782
SG_016111,0.97217130
SG_016113,0.29628395
SG_016114,0.07198800
SG_016115,0.26012331
SG_016116,0.59923346
SG_016119,0.10864856
SG_016124,0.34460923
SG_016127,0.40126646
SG_016132,0.76903849
SG_016133,0.31144809
SG_016134,0.40476587
SG_016138,0.21313114
SG_016140,0.73371105
SG_016146,0.85002500
SG_016147,0.21213131
SG_016156,0.84969172
SG_016158,0.34210965
SG_016159,0.45842360
SG_016160,0.04999167
SG_016161,0.16780537
SG_016163,0.82986169
SG_016164,0.70471588
SG_016165,0.80936511
SG_016166,0.11164806
SG_016171,0.76787202
SG_016172,0.70754874
SG_016174,0.21163139
SG_016176,0.38726879
SG_016179,0.88068655
SG_016181,0.90368272
SG_016183,0.07365439
SG_016185,0.60506582
SG_016186,0.02832861
SG_016187,0.21046492
SG_016188,0.82502916
SG_016190,0.07648725
SG_016194,0.65705716
SG_016195,0.21196467
SG_016196,0.84352608
SG_016197,0.35810698
SG_016211,0.12497917
SG_016214,0.81953008
SG_016215,0.50041660
SG_016219,0.73854358
SG_016221,0.59090152
SG_016222,0.57157140
SG_016224,0.39826696
SG_016225,0.79570072
SG_016233,0.13647725
SG_016234,0.15064156
SG_016235,0.10681553
SG_016238,0.02749542
SG_016242,0.87018830
SG_016244,0.08581903
SG_016245,0.01649725
SG_016246,0.55607399
SG_016249,0.29411765
SG_016251,0.84335944
SG_016252,0.95367439
SG_016259,0.52907849
SG_016262,0.46808865
SG_016263,0.06165639
SG_016268,0.50591568
SG_016270,0.36043993
SG_016272,0.83886019
SG_016273,0.80903183
SG_016275,0.89335111
SG_016278,0.73071155
SG_016282,0.66488919
SG_016285,0.13447759
SG_016289,0.52391268
SG_016292,0.24962506
SG_016297,0.31028162
SG_016299,0.61156474
SG_016310,0.76887185
SG_016315,0.75254124
SG_016316,0.34877520
SG_016318,0.08898517
SG_016324,0.16247292
SG_016326,0.20279953
SG_016327,0.73871021
SG_016330,0.00099983
SG_016331,0.80153308
SG_016332,0.00383269
SG_016333,0.80636561
SG_016334,0.33761040
SG_016337,0.07282120
SG_016341,0.70154974
SG_016343,0.25345776
SG_016345,0.75470755
SG_016346,0.14230962
SG_016349,0.60489918
SG_016351,0.45709048
SG_016352,0.12514581
SG_016354,0.68871855
SG_016363,0.59056824
SG_016372,0.69971671
SG_016375,0.58206966
SG_016382,0.35994001
SG_016384,0.83036161
SG_016386,0.04849192
SG_016389,0.70671555
SG_016392,0.52524579
SG_016393,0.42059657
SG_016394,0.61639727
SG_016401,0.36360607
SG_016402,0.33044493
SG_016405,0.92101316
SG_016414,0.41843026
SG_016421,0.05782370
SG_016424,0.36377270
SG_016425,0.41793034
SG_016429,0.11214798
SG_016431,0.54974171
SG_016432,0.70188302
SG_016435,0.88251958
SG_016436,0.94567572
SG_016443,0.19263456
SG_016445,0.23579403
SG_016450,0.86735544
SG_016452,0.23629395
SG_016456,0.94134311
SG_016462,0.11014831
SG_016463,0.24462590
SG_016474,0.95767372
SG_016482,0.55257457
SG_016488,0.23946009
SG_016502,0.05099150
SG_016503,0.91301450
SG_016507,0.81136477
SG_016508,0.34194301
SG_016511,0.23262790
SG_016512,0.98150308
SG_016517,0.36427262
SG_016518,0.91634728
SG_016520,0.06832195
SG_016522,0.91618064
SG_016524,0.74170972
SG_016526,0.85869022
SG_016528,0.90284953
SG_016529,0.55274121
SG_016532,0.93817697
SG_016535,0.23562740
SG_016537,0.14130978
SG_016539,0.00983169
SG_016542,0.43042826
SG_016545,0.41359773
SG_016547,0.22529578
SG_016548,0.03666056
SG_016554,0.52874521
SG_016562,0.75587402
SG_016563,0.37327112
SG_016566,0.42292951
SG_016567,0.59040160
SG_016580,0.35494084
SG_016581,0.28878520
SG_016585,0.99866689
SG_016600,0.50124979
SG_016603,0.93584403
SG_016604,0.35444093
SG_016606,0.86235627
SG_016609,0.45825696
SG_016612,0.72671221
SG_016613,0.24945842
SG_016614,0.49441760
SG_016623,0.29078487
SG_016625,0.94334278
SG_016632,0.74604233
SG_016634,0.19463423
SG_016637,0.78536911
SG_016641,0.38293618
SG_016646,0.15180803
SG_016647,0.08215297
SG_016660,0.15897350
SG_016662,0.85252458
SG_016670,0.95334111
SG_016671,0.08715214
SG_016673,0.06232295
SG_016675,0.56140643
SG_016685,0.24245959
SG_016689,0.89651725
SG_016690,0.70638227
SG_016691,0.21129812
SG_016692,0.33594401
SG_016696,0.80053324
SG_016698,0.23179470
SG_016699,0.38910182
SG_016703,0.23162806
SG_016704,0.94417597
SG_016705,0.98866856
SG_016708,0.71288119
SG_016710,0.27112148
SG_016711,0.62056324
SG_016714,0.57473754
SG_016716,0.01116481
SG_016719,0.67938677
SG_016720,0.12764539
SG_016721,0.01216464
SG_016723,0.12997834
SG_016732,0.90268289
SG_016733,0.68471921
SG_016736,0.03166139
SG_016737,0.10548242
SG_016738,0.62372938
SG_016741,0.89118480
SG_016745,0.56857190
SG_016746,0.07665389
SG_016752,0.51324779
SG_016754,0.31778037
SG_016758,0.41209798
SG_016763,0.63522746
SG_016765,0.44525912
SG_016769,0.38693551
SG_016776,0.70371605
SG_016778,0.84269288
SG_016779,0.71888019
SG_016780,0.79903349
SG_016783,0.90234961
SG_016785,0.30378270
SG_016786,0.73554408
SG_016792,0.83352775
SG_016793,0.34910848
SG_016794,0.73787702
SG_016805,0.30178304
SG_016807,0.54424263
SG_016810,0.19713381
SG_016813,0.42126312
SG_016818,0.57073821
SG_016819,0.18996834
SG_016823,0.88185302
SG_016827,0.62389602
SG_016828,0.53741043
SG_016832,0.59940010
SG_016834,0.95284119
SG_016837,0.54440927
SG_016840,0.27545409
SG_016843,0.93351108
SG_016847,0.15464089
SG_016849,0.26695551
SG_016851,0.42742876
SG_016857,0.25795701
SG_016858,0.98783536
SG_016859,0.72487919
SG_016861,0.60539910
SG_016863,0.63389435
SG_016874,0.91234794
SG_016877,0.50858190
SG_016881,0.88768539
SG_016885,0.44842526
SG_016887,0.86485586
SG_016888,0.60089985
SG_016891,0.64505916
SG_016893,0.02649558
SG_016895,0.67105482
SG_016900,0.63089485
SG_016902,0.59456757
SG_016904,0.19513414
SG_016909,0.44225962
SG_016911,0.71804699
SG_016924,0.01366439
SG_016925,0.29061823
SG_016928,0.72904516
SG_016937,0.29528412
SG_016939,0.84302616
SG_016941,0.71521413
SG_016944,0.92234628
SG_016946,0.43792701
SG_016951,0.51341443
SG_016961,0.98566906
SG_016963,0.56223963
SG_016967,0.53157807
SG_016968,0.87185469
SG_016971,0.56490585
SG_016973,0.23812698
SG_016974,0.22796201
SG_016975,0.83502750
SG_016976,0.39260123
SG_016986,0.10214964
SG_016989,0.89618397
SG_016990,0.89251791
SG_017003,0.34094318
SG_017005,0.38193634
SG_017006,0.22329612
SG_017016,0.48791868
SG_017018,0.89451758
SG_017021,0.51991335
SG_017026,0.18980170
SG_017028,0.50274954
SG_017040,0.87802033
SG_017043,0.05982336
SG_017044,0.68005332
SG_017046,0.60789868
SG_017048,0.14047659
SG_017049,0.07415431
SG_017050,0.06382270
SG_017055,0.45142476
SG_017056,0.13631061
SG_017062,0.08865189
SG_017067,0.65689052
SG_017070,0.13397767
SG_017071,0.94934178
SG_017076,0.47575404
SG_017077,0.54957507
SG_017079,0.00083319
SG_017080,0.20629895
SG_017085,0.71954674
SG_017098,0.46475587
SG_017103,0.41109815
SG_017110,0.66755541
SG_017111,0.96900517
SG_017114,0.25762373
SG_017116,0.74437594
SG_017123,0.01983003
SG_017124,0.78336944
SG_017126,0.23762706
SG_017127,0.19380103
SG_017130,0.69471755
SG_017139,0.69888352
SG_017144,0.39093484
SG_017145,0.31728045
SG_017146,0.87318780
SG_017154,0.35794034
SG_017158,0.44025996
SG_017170,0.78036994
SG_017171,0.74154308
SG_017172,0.13114481
SG_017182,0.00633228
SG_017187,0.12047992
SG_017190,0.84569238
SG_017192,0.37510415
SG_017193,0.63206132
SG_017195,0.56890518
SG_017202,0.90068322
SG_017206,0.46725546
SG_017208,0.43976004
SG_017213,0.61556407
SG_017218,0.08965172
SG_017220,0.36193968
SG_017223,0.29645059
SG_017224,0.82286286
SG_017225,0.74237627
SG_017227,0.63356107
SG_017228,0.83402766
SG_017230,0.26562240
SG_017232,0.47708715
SG_017235,0.50874854
SG_017239,0.91584736
SG_017241,0.67622063
SG_017245,0.30261623
SG_017250,0.83919347
SG_017254,0.36310615
SG_017255,0.82152975
SG_017266,0.14147642
SG_017269,0.37793701
SG_017272,0.34027662
SG_017276,0.36893851
SG_017279,0.54224296
SG_017281,0.17297117
SG_017287,0.67855357
SG_017288,0.55790702
SG_017292,0.65072488
SG_017294,0.78170305
SG_017296,0.23362773
SG_017303,0.40309948
SG_017304,0.69621730
SG_017309,0.89935011
SG_017311,0.35210798
SG_017316,0.00433261
SG_017317,0.73221130
SG_017318,0.67438760
SG_017323,0.45159140
SG_017328,0.55574071
SG_017338,0.62356274
SG_017339,0.53607732
SG_017347,0.64905849
SG_017348,0.37977004
SG_017349,0.18346942
SG_017350,0.38243626
SG_017354,0.21463089
SG_017358,0.79636727
SG_017360,0.22079653
SG_017361,0.67522080
SG_017364,0.95550742
SG_017368,0.68738544
SG_017373,0.71788035
SG_017376,0.65622396
SG_017383,0.80486586
SG_017385,0.34227629
SG_017391,0.77020497
SG_017399,0.68255291
SG_017402,0.06582236
SG_017405,0.04615897
SG_017406,0.15547409
SG_017416,0.28378604
SG_017419,0.63422763
SG_017421,0.37243793
SG_017423,0.79653391
SG_017425,0.83669388
SG_017428,0.45742376
SG_017431,0.72371271
SG_017432,0.94967505
SG_017438,0.79270122
SG_017439,0.01333111
SG_017445,0.31194801
SG_017448,0.00566572
SG_017452,0.73954341
SG_017454,0.48291951
SG_017457,0.26245626
SG_017458,0.70421596
SG_017464,0.73054491
SG_017465,0.23096151
SG_017466,0.98750208
SG_017467,0.88051991
SG_017475,0.48958507
SG_017479,0.53057824
SG_017480,0.01233128
SG_017481,0.39326779
SG_017482,0.26878854
SG_017484,0.57023829
SG_017486,0.48075321
SG_017501,0.38326946
SG_017504,0.46842193
SG_017507,0.31978004
SG_017509,0.10081653
SG_017513,0.47492085
SG_017514,0.62172971
SG_017516,0.03882686
SG_017518,0.47975337
SG_017521,0.91068155
SG_017526,0.38410265
SG_017529,0.36510582
SG_017532,0.51474754
SG_017535,0.50674888
SG_017537,0.35777370
SG_017538,0.51158140
SG_017542,0.04365939
SG_017545,0.93684386
SG_017549,0.91834694
SG_017557,0.28045326
SG_017559,0.64822530
SG_017560,0.18096984
SG_017562,0.69305116
SG_017563,0.83769372
SG_017565,0.08831861
SG_017572,0.19330112
SG_017575,0.98350275
SG_017577,0.54924179
SG_017578,0.38060323
SG_017579,0.81919680
SG_017580,0.28178637
SG_017581,0.70138310
SG_017589,0.61623063
SG_017590,0.53557740
SG_017594,0.90584903
SG_017597,0.27328779
SG_017604,0.64489252
SG_017605,0.92017997
SG_017606,0.92434594
SG_017607,0.39310115
SG_017611,0.72787869
SG_017615,0.06732211
SG_017616,0.05299117
SG_017617,0.69221796
SG_017621,0.45175804
SG_017622,0.56323946
SG_017629,0.14547575
SG_017630,0.12964506
SG_017634,0.47325446
SG_017639,0.52674554
SG_017642,0.47258790
SG_017646,0.74987502
SG_017657,0.89468422
SG_017658,0.47675387
SG_017667,0.06848859
SG_017673,0.54290952
SG_017674,0.38676887
SG_017677,0.15014164
SG_017679,0.09698384
SG_017683,0.35010832
SG_017687,0.10314948
SG_017689,0.87252125
SG_017691,0.48941843
SG_017693,0.72054658
SG_017696,0.33211131
SG_017697,0.35710715
SG_017702,0.24379270
SG_017703,0.98466922
SG_017709,0.16080653
SG_017714,0.23112815
SG_017715,0.87635394
SG_017718,0.86768872
SG_017719,0.55090818
SG_017728,0.73737710
SG_017729,0.52624563
SG_017739,0.47475421
SG_017743,0.19763373
SG_017745,0.05465756
SG_017746,0.10848192
SG_017749,0.94684219
SG_017750,0.76170638
SG_017754,0.13681053
SG_017757,0.75837360
SG_017760,0.86752208
SG_017774,0.75537410
SG_017775,0.01966339
SG_017776,0.07615397
SG_017777,0.96617230
SG_017778,0.44192635
SG_017781,0.66772205
SG_017782,0.87352108
SG_017789,0.77987002
SG_017795,0.47942010
SG_017798,0.73654391
SG_017811,0.30761540
SG_017817,0.61739710
SG_017819,0.79736711
SG_017822,0.93501083
SG_017827,0.18063656
SG_017830,0.97967005
SG_017832,0.35460757
SG_017834,0.99100150
SG_017838,0.73587735
SG_017840,0.85802366
SG_017847,0.42676221
SG_017851,0.66605566
SG_017855,0.98716881
SG_017862,0.00416597
SG_017865,0.32477920
SG_017866,0.35144143
SG_017867,0.36160640
SG_017878,0.65272455
SG_017879,0.63572738
SG_017880,0.20079987
SG_017881,0.04565906
SG_017882,0.59306782
SG_017886,0.28445259
SG_017888,0.08931845
SG_017889,0.33677720
SG_017895,0.81303116
SG_017900,0.55474088
SG_017902,0.59540077
SG_017907,0.85385769
SG_017909,0.65189135
SG_017910,0.37277120
SG_017913,0.60039993
SG_017914,0.68105316
SG_017917,0.52224629
SG_017918,0.86885519
SG_017919,0.41593068
SG_017920,0.71254791
SG_017936,0.14714214
SG_017938,0.66588902
SG_017945,0.92851191
SG_017947,0.35477420
SG_017949,0.53207799
SG_017956,0.83486086
SG_017958,0.79486752
SG_017960,0.28361940
SG_017965,0.04082653
SG_017971,0.95217464
SG_017973,0.85035827
SG_017978,0.80303283
SG_017981,0.33244459
SG_017985,0.80469922
SG_017987,0.99433428
SG_017991,0.76020663
SG_017992,0.70271621
SG_018002,0.21563073
SG_018003,0.87385436
SG_018005,0.78603566
SG_018014,0.30161640
SG_018015,0.30561573
SG_018016,0.57590402
SG_018017,0.60206632
SG_018024,0.09665056
SG_018028,0.78486919
SG_018032,0.47925346
SG_018033,0.56257290
SG_018037,0.56973838
SG_018040,0.29978337
SG_018042,0.49725046
SG_018046,0.16397267
SG_018050,0.96850525
SG_018055,0.72437927
SG_018056,0.80569905
SG_018061,0.24479253
SG_018063,0.87568739
SG_018064,0.56707215
SG_018067,0.22929512
SG_018072,0.67488752
SG_018073,0.72521246
SG_018074,0.95884019
SG_018076,0.87002166
SG_018080,0.13797700
SG_018084,0.70888185
SG_018088,0.66788869
SG_018090,0.71588069
SG_018092,0.70588235
SG_018094,0.86202300
SG_018096,0.34327612
SG_018100,0.63672721
SG_018109,0.33561073
SG_018111,0.02999500
SG_018120,0.95134144
SG_018124,0.93834361
SG_018125,0.58623563
SG_018130,0.71371438
SG_018132,0.44659223
SG_018134,0.12097984
SG_018140,0.61789702
SG_018144,0.04165972
SG_018146,0.74254291
SG_018150,0.43226129
SG_018154,0.84235961
SG_018155,0.31078154
SG_018160,0.03566072
SG_018165,0.40076654
SG_018166,0.32811198
SG_018170,0.39760040
SG_018174,0.45459090
SG_018175,0.09098484
SG_018178,0.78953508
SG_018181,0.83136144
SG_018186,0.67905349
SG_018188,0.37610398
SG_018195,0.03532745
SG_018198,0.81536411
SG_018201,0.00599900
SG_018206,0.92551241
SG_018208,0.23696051
SG_018214,0.97867022
SG_018215,0.93767705
SG_018216,0.91284786
SG_018221,0.81719713
SG_018224,0.27845359
SG_018228,0.45409098
SG_018229,0.01783036
SG_018238,0.17497084
SG_018241,0.26978837
SG_018246,0.52841193
SG_018247,0.27862023
SG_018252,0.99750042
SG_018253,0.52374604
SG_018259,0.72454591
SG_018261,0.10348275
SG_018263,0.89835027
SG_018266,0.35827362
SG_018269,0.54090985
SG_018270,0.17180470
SG_018276,0.05249125
SG_018278,0.23062823
SG_018281,0.15780703
SG_018282,0.33377770
SG_018284,0.69171805
SG_018286,0.12897850
SG_018287,0.39993334
SG_018294,0.09765039
SG_018297,0.42576237
SG_018303,0.60973171
SG_018305,0.71721380
SG_018307,0.05415764
SG_018312,0.77270455
SG_018316,0.56540577
SG_018321,0.03282786
SG_018322,0.59156807
SG_018325,0.02032995
SG_018327,0.27462090
SG_018330,0.43126146
SG_018334,0.73671055
SG_018336,0.49791701
SG_018338,0.93484419
SG_018341,0.37060490
SG_018342,0.53357774
SG_018347,0.18530245
SG_018348,0.53974338
SG_018351,0.60823196
SG_018360,0.98416931
SG_018361,0.24779203
SG_018364,0.90384936
SG_018366,0.76137310
SG_018368,0.98683553
SG_018372,0.57407099
SG_018379,0.17463756
SG_018381,0.16163973
SG_018386,0.20329945
SG_018387,0.77053824
SG_018388,0.81453091
SG_018394,0.97383769
SG_018407,0.47592068
SG_018410,0.47458757
SG_018411,0.20679887
SG_018417,0.21296451
SG_018418,0.63956007
SG_018420,0.32661223
SG_018422,0.73454424
SG_018424,0.74554241
SG_018426,0.35260790
SG_018427,0.50924846
SG_018430,0.31894684
SG_018433,0.69238460
SG_018434,0.46242293
SG_018436,0.85719047
SG_018441,0.57923679
SG_018442,0.43509415
SG_018445,0.59640060
SG_018448,0.49041826
SG_018452,0.00449925
SG_018455,0.46092318
SG_018458,0.32277954
SG_018462,0.91968005
SG_018468,0.47842026
SG_018469,0.58390268
SG_018470,0.76753874
SG_018471,0.74087652
SG_018472,0.46025662
SG_018474,0.01083153
SG_018476,0.70771538
SG_018481,0.76453924
SG_018485,0.13581070
SG_018487,0.68888519
SG_018490,0.26578904
SG_018491,0.41543076
SG_018493,0.49558407
SG_018494,0.28928512
SG_018497,0.30494918
SG_018501,0.16897184
SG_018503,0.11298117
SG_018505,0.26795534
SG_018506,0.41926346
SG_018510,0.57140477
SG_018511,0.33977670
SG_018514,0.31844693
SG_018519,0.59690052
SG_018520,0.01033161
SG_018524,0.45975671
SG_018525,0.04282620
SG_018526,0.05665722
SG_018529,0.42309615
SG_018531,0.50024996
SG_018534,0.58756874
SG_018536,0.36277287
SG_018537,0.52424596
SG_018543,0.72204633
SG_018544,0.67138810
SG_018547,0.59140143
SG_018548,0.40226629
SG_018549,0.68805199
SG_018553,0.07982003
SG_018555,0.74287619
SG_018558,0.45259123
SG_018566,0.41176471
SG_018568,0.75454091
SG_018569,0.10714881
SG_018573,0.39276787
SG_018576,0.35077487
SG_018579,0.00699883
SG_018587,0.51041493
SG_018591,0.18630228
SG_018594,0.23546076
SG_018601,0.86918847
SG_018603,0.67605399
SG_018608,0.50641560
SG_018611,0.65839027
SG_018612,0.77070488
SG_018615,0.09865022
SG_018617,0.15814031
SG_018621,0.84252625
SG_018623,0.54474254
SG_018624,0.73154474
SG_018631,0.10064989
SG_018636,0.52074654
SG_018637,0.13247792
SG_018639,0.87868689
SG_018644,0.15914014
SG_018645,0.83969338
SG_018647,0.85652391
SG_018650,0.75887352
SG_018651,0.00549908
SG_018662,0.56807199
SG_018663,0.20979837
SG_018664,0.64639227
SG_018665,0.58690218
SG_018670,0.96483919
SG_018676,0.60573238
SG_018677,0.04182636
SG_018678,0.79670055
SG_018680,0.33261123
SG_018685,0.47275454
SG_018686,0.78136977
SG_018687,0.63289452
SG_018688,0.40726546
SG_018689,0.09998334
SG_018693,0.10098317
SG_018694,0.61973004
SG_018697,0.47792035
SG_018703,0.34077654
SG_018705,0.81736377
SG_018709,0.01466422
SG_018710,0.98516914
SG_018711,0.71738044
SG_018717,0.08065322
SG_018721,0.65755707
SG_018722,0.52991168
SG_018731,0.45109148
SG_018733,0.95617397
SG_018738,0.69255124
SG_018744,0.81969672
SG_018745,0.45425762
SG_018748,0.32111315
SG_018756,0.92351275
SG_018758,0.43492751
SG_018761,0.08315281
SG_018765,0.42492918
SG_018766,0.91734711
SG_018767,0.24295951
SG_018768,0.72154641
SG_018770,0.18430262
SG_018779,0.13281120
SG_018787,0.42076321
SG_018788,0.59573404
SG_018789,0.53874354
SG_018791,0.72621230
SG_018792,0.59123479
SG_018793,0.07865356
SG_018798,0.94034328
SG_018799,0.65055824
SG_018800,0.31528079
SG_018803,0.11114814
SG_018806,0.96083986
SG_018809,0.23662723
SG_018811,0.59723379
SG_018817,0.11848025
SG_018818,0.32461256
SG_018821,0.14830862
SG_018822,0.15614064
SG_018823,0.34927512
SG_018826,0.60589902
SG_018831,0.32161306
SG_018834,0.28678554
SG_018837,0.64989168
SG_018838,0.88718547
SG_018842,0.77887019
SG_018843,0.99083486
SG_018847,0.59840027
SG_018850,0.22512915
SG_018852,0.87768705
SG_018853,0.15080820
SG_018859,0.83452758
SG_018861,0.74387602
SG_018875,0.68855191
SG_018883,0.42459590
SG_018885,0.16997167
SG_018889,0.25029162
SG_018890,0.53291118
SG_018894,0.66622230
SG_018895,0.99783369
SG_018899,0.22212965
SG_018901,0.87668722
SG_018902,0.62339610
SG_018904,0.81503083
SG_018905,0.59673388
SG_018906,0.93201133
SG_018907,0.50141643
SG_018908,0.17580403
SG_018915,0.58990168
SG_018918,0.36560573
SG_018920,0.67822030
SG_018924,0.62489585
SG_018928,0.66138977
SG_018940,0.37027162
SG_018941,0.25379103
SG_018942,0.39793368
SG_018965,0.92717880
SG_018966,0.47608732
SG_018968,0.18563573
SG_018970,0.78253624
SG_018972,0.15997334
SG_018978,0.27378770
SG_018981,0.38743543
SG_018984,0.16147309
SG_018990,0.53041160
SG_019006,0.50908182
SG_019012,0.61856357
SG_019014,0.53507749
SG_019015,0.94650892
SG_019016,0.83719380
SG_019018,0.84685886
SG_019019,0.42192968
SG_019023,0.89501750
SG_019028,0.99300117
SG_019030,0.30111648
SG_019036,0.68971838
SG_019038,0.15730712
SG_019039,0.91901350
SG_019041,0.62872855
SG_019042,0.52291285
SG_019044,0.93367772
SG_019051,0.11964673
SG_019053,0.64055991
SG_019054,0.43909348
SG_019058,0.90251625
SG_019069,0.14480920
SG_019071,0.01766372
SG_019082,0.50058324
SG_019083,0.49958340
SG_019084,0.17980337
SG_019087,0.13664389
SG_019092,0.05649058
SG_019098,0.58423596
SG_019102,0.99900017
SG_019105,0.61989668
SG_019106,0.67188802
SG_019109,0.13514414
SG_019115,0.50108315
SG_019117,0.75854024
SG_019119,0.22262956
SG_019120,0.58973504
SG_019131,0.29545076
SG_019142,0.98483586
SG_019146,0.48708549
SG_019147,0.64105982
SG_019149,0.02182970
SG_019150,0.18330278
SG_019162,0.65122480
SG_019167,0.41426429
SG_019169,0.40643226
SG_019171,0.00749875
SG_019176,0.73721046
SG_019184,0.18846859
SG_019187,0.75037494
SG_019190,0.19496751
SG_019197,0.52607899
SG_019198,0.25095817
SG_019201,0.20296617
SG_019203,0.66738877
SG_019204,0.40959840
SG_019208,0.46658890
SG_019209,0.51691385
SG_019211,0.03216131
SG_019212,0.79786702
SG_019217,0.54524246
SG_019221,0.26312281
SG_019222,0.94300950
SG_019223,0.03366106
SG_019225,0.61539743
SG_019237,0.75870688
SG_019244,0.55640727
SG_019245,0.68605232
SG_019246,0.15430762
SG_019247,0.36977170
SG_019248,0.29561740
SG_019249,0.75620730
SG_019251,0.31861356
SG_019253,0.13814364
SG_019254,0.13864356
SG_019255,0.46975504
SG_019259,0.07948675
SG_019265,0.22279620
SG_019266,0.54007665
SG_019267,0.85302450
SG_019270,0.04249292
SG_019271,0.16797200
SG_019272,0.58806866
SG_019273,0.11064823
SG_019274,0.00999833
SG_019275,0.14430928
SG_019276,0.14014331
SG_019282,0.45875687
SG_019286,0.68171971
SG_019289,0.63489418
SG_019295,0.87518747
SG_019296,0.93984336
SG_019298,0.09848359
SG_019300,0.44325946
SG_019302,0.96350608
SG_019311,0.88168639
SG_019314,0.43776037
SG_019315,0.36827195
SG_019316,0.65322446
SG_019321,0.03782703
SG_019325,0.79070155
SG_019326,0.85685719
SG_019328,0.23329445
SG_019330,0.30878187
SG_019333,0.44742543
SG_019336,0.45859023
SG_019339,0.49875021
SG_019346,0.48275287
SG_019352,0.57673721
SG_019358,0.84919180
SG_019362,0.91601400
SG_019368,0.15480753
SG_019371,0.51424763
SG_019373,0.97333778
SG_019374,0.61206466
SG_019375,0.48158640
SG_019376,0.86252291
SG_019386,0.60356607
SG_019388,0.59273454
SG_019394,0.78086986
SG_019398,0.47742043
SG_019408,0.66822196
SG_019411,0.17830362
SG_019419,0.95850692
SG_019421,0.92834528
SG_019425,0.36677220
SG_019427,0.43209465
SG_019428,0.56173971
SG_019431,0.22396267
SG_019432,0.31544743
SG_019433,0.53574404
SG_019436,0.90834861
SG_019437,0.78420263
SG_019440,0.16597234
SG_019442,0.58540243
SG_019446,0.57990335
SG_019447,0.15514081
SG_019449,0.36127312
SG_019452,0.08548575
SG_019455,0.85485752
SG_019456,0.24095984
SG_019458,0.91168139
SG_019466,0.40293284
SG_019468,0.93184469
SG_019470,0.68571905
SG_019471,0.78403599
SG_019473,0.13531078
SG_019478,0.47558740
SG_019485,0.99216797
SG_019488,0.35760707
SG_019489,0.56457257
SG_019491,0.50291618
SG_019496,0.93551075
SG_019498,0.40159973
SG_019510,0.81619730
SG_019516,0.15380770
SG_019519,0.06615564
SG_019523,0.43526079
SG_019527,0.46142310
SG_019530,0.51924679
SG_019532,0.50624896
SG_019534,0.22412931
SG_019540,0.70288285
SG_019541,0.33611065
SG_019543,0.54340943
SG_019553,0.22112981
SG_019558,0.39343443
SG_019562,0.26162306
SG_019563,0.57107149
SG_019564,0.54024329
SG_019567,0.77203799
SG_019570,0.94284286
SG_019577,0.29761706
SG_019583,0.97200467
SG_019585,0.81986336
SG_019587,0.97433761
SG_019588,0.04799200
SG_019591,0.12881186
SG_019593,0.26328945
SG_019598,0.32827862
SG_019599,0.54390935
SG_019602,0.97633728
SG_019609,0.65205799
SG_019620,0.50824863
SG_019621,0.15164139
SG_019624,0.97900350
SG_019625,0.76703883
SG_019627,0.00466589
SG_019635,0.01666389
SG_019638,0.07348775
SG_019639,0.01149808
SG_019642,0.95017497
SG_019645,0.35627395
SG_019647,0.83252791
SG_019648,0.09148475
SG_019650,0.17847025
SG_019652,0.34694218
SG_019654,0.66938844
SG_019657,0.70604899
SG_019660,0.43376104
SG_019661,0.20113314
SG_019662,0.60689885
SG_019665,0.47192135
SG_019666,0.60556574
SG_019667,0.41093151
SG_019676,0.86618897
SG_019679,0.99850025
SG_019680,0.93534411
SG_019683,0.59473421
SG_019689,0.46175637
SG_019690,0.59890018
SG_019691,0.66355607
SG_019695,0.23962673
SG_019698,0.17897017
SG_019710,0.32494584
SG_019711,0.74504249
SG_019716,0.31694718
SG_019724,0.10048325
SG_019727,0.84085986
SG_019728,0.39160140
SG_019729,0.13314448
SG_019733,0.96700550
SG_019738,0.64972505
SG_019740,0.19313448
SG_019746,0.86568905
SG_019747,0.96317280
SG_019750,0.29128479
SG_019755,0.93517747
SG_019756,0.68405266
SG_019761,0.24079320
SG_019764,0.27028829
SG_019766,0.48725212
SG_019767,0.39860023
SG_019769,0.61373104
SG_019779,0.09165139
SG_019782,0.32794534
SG_019783,0.76687219
SG_019784,0.19863356
SG_019791,0.35244126
SG_019792,0.50941510
SG_019793,0.91101483
SG_019797,0.06865522
SG_019800,0.90918180
SG_019801,0.68771871
SG_019802,0.38110315
SG_019804,0.24845859
SG_019807,0.94217630
SG_019809,0.66722213
SG_019811,0.17263789
SG_019812,0.35977337
SG_019819,0.16813864
SG_019828,0.27045492
SG_019830,0.33127812
SG_019832,0.27712048
SG_019835,0.51224796
SG_019838,0.39410098
SG_019839,0.08748542
SG_019842,0.71654724
SG_019846,0.64255957
SG_019849,0.01699717
SG_019851,0.91484753
SG_019852,0.17613731
SG_019853,0.71071488
SG_019854,0.90701550
SG_019857,0.94050992
SG_019858,0.94817530
SG_019859,0.72321280
SG_019864,0.90218297
SG_019865,0.52274621
SG_019868,0.58406932
SG_019869,0.95000833
SG_019873,0.09581736
SG_019878,0.44175971
SG_019883,0.92667889
SG_019887,0.08165306
SG_019888,0.02816197
SG_019895,0.52124646
SG_019900,0.04015997
SG_019903,0.10381603
SG_019906,0.92584569
SG_019909,0.56373938
SG_019910,0.14380937
SG_019913,0.90301616
SG_019914,0.29778370
SG_019921,0.30328279
SG_019923,0.65672388
SG_019928,0.98033661
SG_019930,0.98500250
SG_019933,0.36027329
SG_019939,0.40993168
SG_019941,0.84935844
SG_019944,0.20696551
SG_019945,0.62589568
SG_019947,0.21846359
SG_019949,0.74670888
SG_019950,0.56073988
SG_019954,0.71088152
SG_019955,0.96050658
SG_019960,0.09415097
SG_019961,0.69738377
SG_019966,0.80036661
SG_019968,0.82952841
SG_019970,0.25579070
SG_019973,0.02516247
SG_019974,0.42392935
SG_019976,0.63856024
SG_019978,0.39126812
SG_019980,0.09648392
SG_019981,0.22096317
SG_019983,0.79803366
SG_019984,0.93251125
SG_019985,0.37677054
SG_019989,0.28511915
SG_019994,0.45009165
SG_019998,0.40409932
SG_019999,0.77287119
SG_020000,0.34944176
